1788213372.615,43BF3D,,,46.7560,-1.8956,18000,631,4,4,"rx-003,rx-000,rx-002,rx-001",1,
1788213374.615,AE01CE,,,47.1037,-0.5241,25000,6297,5,5,"rx-002,rx-001,rx-000,rx-004,rx-003",1,
1788213375.614,3944F1,,,47.5440,-2.1879,21000,615,5,5,"rx-004,rx-003,rx-000,rx-001,rx-002",2,
1788213376.614,43BF3D,,,46.7623,-1.8907,18000,632,4,4,"rx-003,rx-000,rx-002,rx-001",1,
1788213377.614,3944F1,,,47.5426,-2.1843,21000,864,4,4,"rx-003,rx-000,rx-001,rx-002",1,
1788213378.627,43BF3D,,,46.7646,-1.8889,18000,785,3,3,"rx-003,rx-002,rx-001",0,
1788213379.615,3944F1,,,47.5400,-2.1784,21000,602,5,5,"rx-004,rx-003,rx-000,rx-001,rx-002",2,
1788213380.628,43BF3D,,,46.7675,-1.8856,18000,778,3,3,"rx-003,rx-002,rx-001",0,
1788213382.627,43BF3D,,,46.7696,-1.8838,18000,774,3,3,"rx-003,rx-002,rx-001",0,
1788213382.615,3944F1,,,47.5361,-2.1712,21000,588,5,5,"rx-004,rx-003,rx-000,rx-001,rx-002",2,
1788213384.614,3944F1,,,47.5350,-2.1687,21000,853,4,4,"rx-003,rx-000,rx-001,rx-002",1,
1788213385.614,43BF3D,,,46.7718,-1.8808,18000,606,5,5,"rx-003,rx-000,rx-002,rx-004,rx-001",2,0
1788213385.614,AE01CE,,,47.1036,-0.5342,25000,4816,5,5,"rx-002,rx-001,rx-000,rx-004,rx-003",1,0
1788213386.615,3944F1,,,47.5319,-2.1626,21000,571,5,5,"rx-004,rx-003,rx-000,rx-001,rx-002",2,0
1788213387.615,43BF3D,,,46.7751,-1.8772,18000,595,5,5,"rx-003,rx-000,rx-002,rx-004,rx-001",2,0
1788213388.615,3944F1,,,47.5302,-2.1597,21000,562,5,5,"rx-004,rx-003,rx-000,rx-001,rx-002",2,0
1788213390.627,43BF3D,,,46.7784,-1.8748,18000,672,4,4,"rx-003,rx-002,rx-004,rx-001",1,0
1788213390.615,3944F1,,,47.5278,-2.1551,21000,553,5,5,"rx-004,rx-003,rx-000,rx-001,rx-002",2,47.5277,-2.1549,21003,127,403,0,378
1788213392.616,3944F1,,,47.5260,-2.1507,21000,804,4,4,"rx-003,rx-000,rx-001,rx-002",1,47.5253,-2.1501,21003,127,408,0,320
1788213392.615,43BF3D,,,46.7812,-1.8719,18000,582,5,5,"rx-003,rx-000,rx-002,rx-004,rx-001",2,0
1788213394.614,3944F1,,,47.5252,-2.1479,21000,797,4,4,"rx-003,rx-000,rx-001,rx-002",1,47.5232,-2.1456,21003,126,407,0,326
1788213396.616,43BF3D,,,46.7878,-1.8668,18000,557,5,5,"rx-003,rx-000,rx-002,rx-004,rx-001",2,46.7863,-1.8674,18001,33,321,0,433
1788213396.615,AE01CE,,,47.1103,-0.5778,25000,5295,5,5,"rx-002,rx-001,rx-000,rx-004,rx-003",1,0
1788213396.615,3944F1,,,47.5216,-2.1414,21000,523,5,5,"rx-004,rx-003,rx-000,rx-001,rx-002",2,47.5214,-2.1416,21001,126,397,0,284
1788213398.616,3944F1,,,47.5204,-2.1387,21000,776,4,4,"rx-003,rx-000,rx-001,rx-002",1,47.5194,-2.1373,21001,126,396,0,283
1788213398.616,43BF3D,,,46.7922,-1.8631,18000,545,5,5,"rx-003,rx-000,rx-002,rx-004,rx-001",2,46.7902,-1.8641,18001,33,345,0,389
1788213400.615,3944F1,,,47.5174,-2.1317,21000,507,5,5,"rx-004,rx-003,rx-000,rx-001,rx-002",2,47.5176,-2.1330,20999,125,392,0,262
1788213401.615,43BF3D,,,46.7925,-1.8614,18000,554,4,4,"rx-003,rx-000,rx-002,rx-001",1,46.7936,-1.8608,18001,33,336,0,389
1788213402.614,3944F1,,,47.5168,-2.1312,21000,764,4,4,"rx-003,rx-000,rx-001,rx-002",1,47.5156,-2.1292,21000,125,386,0,259
1788213403.615,3944F1,,,47.5146,-2.1263,21000,497,5,5,"rx-004,rx-003,rx-000,rx-001,rx-002",2,47.5147,-2.1271,20999,125,384,0,234
1788213404.614,3944F1,,,47.5133,-2.1234,21000,492,5,5,"rx-004,rx-003,rx-000,rx-001,rx-002",2,47.5137,-2.1248,20998,124,385,0,224
1788213406.614,43BF3D,,,46.7998,-1.8548,18000,539,4,4,"rx-003,rx-000,rx-002,rx-001",1,46.8000,-1.8548,18001,33,335,0,414
1788213406.614,3944F1,,,47.5112,-2.1202,21000,483,5,5,"rx-004,rx-003,rx-000,rx-001,rx-002",2,47.5115,-2.1204,20998,125,387,0,232
1788213408.614,3944F1,,,47.5078,-2.1127,21000,754,4,4,"rx-003,rx-000,rx-001,rx-002",1,47.5094,-2.1153,20999,124,394,0,223
1788213408.614,AE01CE,,,47.1121,-0.6038,25000,5976,4,4,"rx-002,rx-001,rx-000,rx-004",0,0
1788213408.614,43BF3D,,,46.8053,-1.8506,18000,518,5,5,"rx-003,rx-000,rx-002,rx-004,rx-001",2,46.8037,-1.8515,18002,33,351,0,365
1788213409.614,3944F1,,,47.5079,-2.1124,21000,471,5,5,"rx-004,rx-003,rx-000,rx-001,rx-002",2,47.5083,-2.1130,20999,124,395,0,213
1788213410.614,43BF3D,,,46.8076,-1.8485,18000,512,5,5,"rx-003,rx-000,rx-002,rx-004,rx-001",2,46.8069,-1.8486,18002,33,358,0,334
1788213412.614,43BF3D,,,46.8079,-1.8471,18000,522,4,4,"rx-003,rx-000,rx-002,rx-001",1,46.8092,-1.8463,18001,33,352,0,322
1788213412.614,3944F1,,,47.5043,-2.1061,21000,462,5,5,"rx-004,rx-003,rx-000,rx-001,rx-002",2,47.5048,-2.1061,21001,125,402,0,236
1788213413.614,3944F1,,,47.5036,-2.1044,21000,459,5,5,"rx-004,rx-003,rx-000,rx-001,rx-002",2,47.5038,-2.1040,21000,125,402,0,226
1788213415.614,3944F1,,,47.5013,-2.0991,21000,450,5,5,"rx-004,rx-003,rx-000,rx-001,rx-002",2,47.5015,-2.0995,21000,125,404,0,233
1788213416.615,43BF3D,,,47.2034,-1.2562,18000,209,3,3,"rx-000,rx-002,rx-001",0,0
1788213417.614,3944F1,,,47.4982,-2.0936,21000,702,4,4,"rx-003,rx-000,rx-001,rx-002",1,47.4994,-2.0950,21001,125,405,0,212
1788213418.615,43BF3D,,,46.8165,-1.8394,18000,494,5,5,"rx-003,rx-000,rx-002,rx-004,rx-001",2,46.8171,-1.8388,18001,33,350,0,354
1788213418.615,3944F1,,,47.4986,-2.0934,21000,440,5,5,"rx-004,rx-003,rx-000,rx-001,rx-002",2,47.4985,-2.0929,21000,125,401,0,202
1788213419.615,3944F1,,,47.4967,-2.0902,21000,434,5,5,"rx-004,rx-003,rx-000,rx-001,rx-002",2,47.4972,-2.0905,21000,125,405,0,196
1788213420.614,43BF3D,,,46.8195,-1.8365,18000,498,4,4,"rx-003,rx-000,rx-002,rx-001",1,46.8198,-1.8363,18000,33,349,0,331
1788213420.614,AE01CE,,,47.1181,-0.6438,25000,5716,5,5,"rx-002,rx-001,rx-000,rx-004,rx-003",1,0
1788213421.614,3944F1,,,47.4955,-2.0878,21000,687,4,4,"rx-003,rx-000,rx-001,rx-002",1,47.4952,-2.0867,21000,126,400,0,193
1788213422.614,43BF3D,,,46.8246,-1.8343,18000,481,4,4,"rx-003,rx-000,rx-002,rx-001",1,46.8231,-1.8341,18000,31,353,0,315
1788213422.614,3944F1,,,47.4954,-2.0867,21000,427,5,5,"rx-004,rx-003,rx-000,rx-001,rx-002",2,47.4946,-2.0850,20999,125,389,0,184
1788213423.614,43BF3D,,,46.8273,-1.8322,18000,476,4,4,"rx-003,rx-000,rx-002,rx-001",1,46.8252,-1.8328,18000,31,361,0,290
1788213424.614,3944F1,,,47.4934,-2.0831,21000,419,5,5,"rx-004,rx-003,rx-000,rx-001,rx-002",2,47.4928,-2.0811,20998,125,381,0,193
1788213426.614,43BF3D,,,46.8277,-1.8300,18000,473,4,4,"rx-003,rx-000,rx-002,rx-001",1,46.8290,-1.8293,18000,31,355,0,298
1788213426.615,3944F1,,,47.4907,-2.0771,21000,666,4,4,"rx-003,rx-000,rx-001,rx-002",1,47.4908,-2.0770,20999,125,379,0,190
1788213427.614,3944F1,,,47.4897,-2.0754,21000,407,5,5,"rx-004,rx-003,rx-000,rx-001,rx-002",2,47.4896,-2.0749,21000,125,381,0,181
1788213427.614,43BF3D,,,46.8305,-1.8282,18000,441,5,5,"rx-003,rx-000,rx-002,rx-004,rx-001",2,46.8304,-1.8282,18000,30,355,0,267
1788213428.615,3944F1,,,47.4887,-2.0746,21000,397,5,5,"rx-004,rx-003,rx-000,rx-001,rx-002",2,47.4885,-2.0728,21001,126,380,0,177
1788213429.614,43BF3D,,,46.8338,-1.8244,18000,903,4,4,"rx-000,rx-002,rx-004,rx-001",1,46.8328,-1.8259,18001,31,350,0,258
1788213429.614,AE01CE,,,47.1203,-0.6608,25000,4465,5,5,"rx-002,rx-001,rx-000,rx-004,rx-003",1,0
1788213430.615,3944F1,,,47.4857,-2.0685,21000,392,5,5,"rx-004,rx-003,rx-000,rx-001,rx-002",2,47.4861,-2.0684,21002,126,386,0,186
1788213431.615,3944F1,,,47.4853,-2.0675,21000,386,5,5,"rx-004,rx-003,rx-000,rx-001,rx-002",2,47.4850,-2.0663,21003,126,387,0,181
1788213433.614,43BF3D,,,46.8387,-1.8214,18000,458,4,4,"rx-003,rx-000,rx-002,rx-001",1,46.8384,-1.8213,18000,30,349,0,290
1788213433.614,3944F1,,,47.4834,-2.0636,21000,408,5,5,"rx-004,rx-003,rx-000,rx-001,rx-002",2,47.4830,-2.0623,21003,127,383,0,191
1788213434.615,43BF3D,,,46.8392,-1.8207,18000,437,5,5,"rx-003,rx-000,rx-002,rx-004,rx-001",2,46.8396,-1.8203,18000,30,346,0,263
1788213434.615,3944F1,,,47.4826,-2.0615,21000,410,5,5,"rx-004,rx-003,rx-000,rx-001,rx-002",2,47.4821,-2.0605,21002,127,379,0,188
1788213435.614,3944F1,,,47.4813,-2.0590,21000,406,5,5,"rx-004,rx-003,rx-000,rx-001,rx-002",2,47.4811,-2.0585,21002,126,376,0,185
1788213436.627,43BF3D,,,46.8417,-1.8182,18000,540,3,3,"rx-003,rx-002,rx-001",0,46.8423,-1.8180,18000,30,345,0,278
1788213437.615,43BF3D,,,46.8481,-1.8176,18000,467,4,4,"rx-003,rx-000,rx-002,rx-004",1,46.8446,-1.8170,18000,28,354,0,258
1788213437.615,3944F1,,,47.4791,-2.0549,21000,642,4,4,"rx-003,rx-000,rx-001,rx-002",1,47.4791,-2.0546,21002,127,373,0,174
1788213438.614,43BF3D,,,46.8438,-1.8162,18000,434,5,5,"rx-003,rx-000,rx-002,rx-004,rx-001",2,46.8455,-1.8160,17999,29,348,0,241
1788213438.614,AE01CE,,,47.1233,-0.6882,25000,4446,5,5,"rx-002,rx-001,rx-000,rx-004,rx-003",1,0
1788213439.615,3944F1,,,47.4765,-2.0508,21000,635,4,4,"rx-003,rx-000,rx-001,rx-002",1,47.4770,-2.0509,21001,127,370,0,174
1788213440.614,3944F1,,,47.4761,-2.0494,21000,389,5,5,"rx-004,rx-003,rx-000,rx-001,rx-002",2,47.4761,-2.0490,21001,127,368,0,166
1788213440.614,43BF3D,,,46.8477,-1.8132,18000,443,4,4,"rx-003,rx-000,rx-002,rx-001",1,46.8482,-1.8136,17999,29,347,0,248
1788213441.614,43BF3D,,,46.8490,-1.8123,18000,425,5,5,"rx-003,rx-000,rx-002,rx-004,rx-001",2,46.8495,-1.8124,18000,29,346,0,233
1788213442.615,3944F1,,,47.4740,-2.0456,21000,364,5,5,"rx-004,rx-003,rx-000,rx-001,rx-002",2,47.4740,-2.0450,21001,127,367,0,170
1788213443.614,3944F1,,,47.4731,-2.0443,21000,361,5,5,"rx-004,rx-003,rx-000,rx-001,rx-002",2,47.4730,-2.0433,21000,128,363,0,164
1788213444.614,43BF3D,,,46.8540,-1.8096,18000,418,5,5,"rx-003,rx-000,rx-002,rx-004,rx-001",2,46.8538,-1.8092,17999,28,345,0,243
1788213445.615,3944F1,,,47.4719,-2.0423,21000,365,5,5,"rx-004,rx-003,rx-000,rx-001,rx-002",2,47.4713,-2.0400,20998,128,354,0,171
1788213446.614,AE01CE,,,47.1265,-0.7143,25000,3889,5,5,"rx-002,rx-001,rx-000,rx-004,rx-003",1,0
1788213446.614,3944F1,,,47.4706,-2.0384,21000,362,5,5,"rx-004,rx-003,rx-000,rx-001,rx-002",2,47.4704,-2.0382,20997,128,351,0,167
1788213447.614,43BF3D,,,46.8571,-1.8060,18000,420,5,5,"rx-003,rx-000,rx-002,rx-004,rx-001",2,46.8577,-1.8059,17998,28,342,0,250
1788213447.614,3944F1,,,47.4691,-2.0356,21000,358,5,5,"rx-004,rx-003,rx-000,rx-001,rx-002",2,47.4694,-2.0362,20997,128,351,0,163
1788213448.615,43BF3D,,,46.8586,-1.8045,18000,423,5,5,"rx-003,rx-000,rx-002,rx-004,rx-001",2,46.8590,-1.8047,17999,29,342,0,232
1788213449.615,3944F1,,,47.4669,-2.0317,21000,348,5,5,"rx-004,rx-003,rx-000,rx-001,rx-002",2,47.4673,-2.0323,20997,128,351,0,169
1788213452.614,3944F1,,,47.4639,-2.0258,21000,340,5,5,"rx-004,rx-003,rx-000,rx-001,rx-002",2,47.4642,-2.0265,20998,128,350,0,183
1788213454.614,3944F1,,,47.4616,-2.0205,21000,335,5,5,"rx-004,rx-003,rx-000,rx-001,rx-002",2,47.4621,-2.0223,20999,128,354,0,183
1788213454.614,43BF3D,,,46.8660,-1.7970,18000,400,5,5,"rx-003,rx-000,rx-002,rx-004,rx-001",2,46.8670,-1.7975,18000,30,341,0,270
1788213454.614,AE01CE,,,47.1287,-0.7363,25000,3688,5,5,"rx-002,rx-001,rx-000,rx-004,rx-003",1,0
1788213455.615,43BF3D,,,46.8672,-1.7954,18000,398,5,5,"rx-003,rx-000,rx-002,rx-004,rx-001",2,46.8681,-1.7960,18000,31,340,0,241
1788213457.628,43BF3D,,,46.8692,-1.7940,18000,443,4,4,"rx-003,rx-002,rx-004,rx-001",1,46.8704,-1.7937,18000,31,336,0,239
1788213457.614,3944F1,,,47.4582,-2.0141,21000,328,5,5,"rx-004,rx-003,rx-000,rx-001,rx-002",2,47.4588,-2.0159,21001,128,359,0,191
1788213458.628,43BF3D,,,46.8706,-1.7929,18000,440,4,4,"rx-003,rx-002,rx-004,rx-001",1,46.8715,-1.7926,18000,31,333,0,226
1788213459.614,3944F1,,,47.4562,-2.0101,21000,322,5,5,"rx-004,rx-003,rx-000,rx-001,rx-002",2,47.4566,-2.0116,21002,128,363,0,187
1788213460.615,43BF3D,,,46.8780,-1.7898,18000,378,5,5,"rx-003,rx-000,rx-002,rx-004,rx-001",2,46.8750,-1.7902,18000,30,342,0,218
1788213462.614,43BF3D,,,46.8805,-1.7865,18000,377,5,5,"rx-003,rx-000,rx-002,rx-004,rx-001",2,46.8785,-1.7874,18001,30,353,0,213
1788213462.614,AE01CE,,,47.1341,-0.7615,25000,3730,5,5,"rx-002,rx-001,rx-000,rx-004,rx-003",1,0
1788213463.614,43BF3D,,,46.8822,-1.7858,18000,358,5,5,"rx-003,rx-000,rx-002,rx-004,rx-001",2,46.8805,-1.7860,18002,30,360,0,198
1788213463.615,3944F1,,,47.4548,-2.0044,21000,549,4,4,"rx-003,rx-000,rx-001,rx-002",1,47.4525,-2.0027,21003,127,369,0,173
1788213465.614,3944F1,,,47.4515,-1.9976,21000,306,5,5,"rx-004,rx-003,rx-000,rx-001,rx-002",2,47.4510,-1.9989,21000,126,361,0,164
1788213465.614,43BF3D,,,46.8861,-1.7821,18000,352,5,5,"rx-003,rx-000,rx-002,rx-004,rx-001",2,46.8841,-1.7831,18004,30,371,0,196
1788213467.627,43BF3D,,,46.8871,-1.7806,18000,388,4,4,"rx-003,rx-002,rx-004,rx-001",1,46.8871,-1.7805,18004,30,373,0,199
1788213467.615,3944F1,,,47.4503,-1.9953,21000,305,5,5,"rx-004,rx-003,rx-000,rx-001,rx-002",2,47.4496,-1.9952,20998,125,353,0,161
1788213468.615,43BF3D,,,46.8870,-1.7802,18000,377,4,4,"rx-003,rx-000,rx-002,rx-001",1,46.8883,-1.7794,18004,30,370,0,192
1788213469.615,AE01CE,,,47.1343,-0.7752,25000,3501,5,5,"rx-002,rx-001,rx-000,rx-004,rx-003",1,0
1788213469.615,3944F1,,,47.4470,-1.9883,21000,299,5,5,"rx-004,rx-003,rx-000,rx-001,rx-002",2,47.4476,-1.9907,20999,125,357,0,159
1788213470.615,43BF3D,,,46.8911,-1.7764,18000,366,4,4,"rx-003,rx-000,rx-002,rx-001",1,46.8912,-1.7768,18004,31,372,0,196
1788213470.615,3944F1,,,47.4457,-1.9859,21000,302,5,5,"rx-004,rx-003,rx-000,rx-001,rx-002",2,47.4464,-1.9882,21000,125,362,0,151
1788213471.615,43BF3D,,,46.8916,-1.7750,18000,350,5,5,"rx-003,rx-000,rx-002,rx-004,rx-001",2,46.8925,-1.7754,18003,31,371,0,185
1788213471.615,3944F1,,,47.4443,-1.9845,21000,308,5,5,"rx-004,rx-003,rx-000,rx-001,rx-002",2,47.4452,-1.9858,21001,125,367,0,146
1788213473.615,43BF3D,,,46.8943,-1.7726,18000,367,4,4,"rx-003,rx-000,rx-002,rx-004",1,46.8952,-1.7727,18004,31,371,0,188
1788213474.614,3944F1,,,47.4422,-1.9794,21000,519,4,4,"rx-003,rx-000,rx-001,rx-002",1,47.4423,-1.9796,21001,125,367,0,139
1788213475.614,43BF3D,,,46.8970,-1.7703,18000,339,5,5,"rx-003,rx-000,rx-002,rx-004,rx-001",2,46.8980,-1.7700,18004,32,371,0,187
1788213475.614,3944F1,,,47.4412,-1.9772,21000,299,5,5,"rx-004,rx-003,rx-000,rx-001,rx-002",2,47.4413,-1.9775,21001,125,367,0,133
1788213476.615,3944F1,,,47.4394,-1.9740,21000,290,5,5,"rx-004,rx-003,rx-000,rx-001,rx-002",2,47.4401,-1.9752,21002,125,371,0,129
1788213477.615,AE01CE,,,47.1376,-0.8023,25000,3581,5,5,"rx-002,rx-001,rx-000,rx-004,rx-003",1,0
1788213478.615,3944F1,,,47.4374,-1.9698,21000,287,5,5,"rx-004,rx-003,rx-000,rx-001,rx-002",2,47.4380,-1.9708,21003,125,375,0,134
1788213478.615,43BF3D,,,46.9009,-1.7669,18000,334,5,5,"rx-003,rx-000,rx-002,rx-004,rx-001",2,46.9020,-1.7662,18004,32,368,0,194
1788213479.614,43BF3D,,,46.9017,-1.7659,18000,338,5,5,"rx-003,rx-000,rx-002,rx-004,rx-001",2,46.9031,-1.7650,18003,32,364,0,182
1788213479.614,3944F1,,,47.4364,-1.9677,21000,285,5,5,"rx-004,rx-003,rx-000,rx-001,rx-002",2,47.4369,-1.9686,21002,125,377,0,130
1788213480.614,43BF3D,,,46.9035,-1.7644,18000,335,5,5,"rx-003,rx-000,rx-002,rx-004,rx-001",2,46.9044,-1.7637,18003,33,363,0,173
1788213480.614,3944F1,,,47.4353,-1.9654,21000,283,5,5,"rx-004,rx-003,rx-000,rx-001,rx-002",2,47.4359,-1.9664,21002,125,379,0,128
1788213482.615,43BF3D,,,46.9066,-1.7614,18000,326,5,5,"rx-003,rx-000,rx-002,rx-004,rx-001",2,46.9071,-1.7610,18003,33,363,0,174
1788213483.614,43BF3D,,,46.9073,-1.7619,18000,331,5,5,"rx-003,rx-000,rx-002,rx-004,rx-001",2,46.9082,-1.7603,18001,32,355,0,166
1788213484.614,43BF3D,,,46.9079,-1.7609,18000,330,5,5,"rx-003,rx-000,rx-002,rx-004,rx-001",2,46.9092,-1.7594,18000,32,348,0,160
1788213484.614,3944F1,,,47.4314,-1.9589,21000,282,5,5,"rx-004,rx-000,rx-003,rx-001,rx-002",2,47.4317,-1.9581,21004,125,380,0,152
1788213484.615,AE01CE,,,47.1402,-0.8219,25000,3265,5,5,"rx-002,rx-001,rx-000,rx-004,rx-003",1,0
1788213485.614,43BF3D,,,46.9109,-1.7590,18000,320,5,5,"rx-003,rx-000,rx-002,rx-004,rx-001",2,46.9106,-1.7584,17999,32,347,0,154
1788213485.614,3944F1,,,47.4295,-1.9549,21000,272,5,5,"rx-004,rx-000,rx-003,rx-001,rx-002",2,47.4303,-1.9557,21004,126,386,0,144
1788213486.615,43BF3D,,,46.9126,-1.7581,18000,323,5,5,"rx-003,rx-000,rx-002,rx-004,rx-001",2,46.9121,-1.7574,17998,31,346,0,151
1788213486.615,3944F1,,,47.4289,-1.9543,21000,271,5,5,"rx-004,rx-000,rx-003,rx-001,rx-002",2,47.4292,-1.9537,21004,127,388,0,139
1788213487.614,3944F1,,,47.4276,-1.9518,21000,269,5,5,"rx-004,rx-000,rx-003,rx-001,rx-002",2,47.4280,-1.9516,21004,127,390,0,134
1788213487.614,43BF3D,,,46.9137,-1.7571,18000,322,5,5,"rx-003,rx-000,rx-002,rx-004,rx-001",2,46.9134,-1.7564,17997,31,344,0,147
1788213488.615,3944F1,,,47.4270,-1.9501,21000,275,5,5,"rx-004,rx-000,rx-003,rx-001,rx-002",2,47.4269,-1.9496,21004,127,390,0,131
1788213490.614,3944F1,,,47.4247,-1.9441,21000,261,5,5,"rx-004,rx-000,rx-003,rx-001,rx-002",2,47.4247,-1.9451,21004,127,393,0,136
1788213490.614,43BF3D,,,46.9182,-1.7517,18000,312,5,5,"rx-003,rx-000,rx-002,rx-004,rx-001",2,46.9177,-1.7526,17997,31,347,0,161
1788213491.615,AE01CE,,,47.1441,-0.8435,25000,3454,5,5,"rx-002,rx-001,rx-000,rx-004,rx-003",1,0
1788213492.615,3944F1,,,47.4234,-1.9412,21000,265,5,5,"rx-004,rx-000,rx-003,rx-001,rx-002",2,47.4227,-1.9409,21004,127,391,0,140
1788213493.615,43BF3D,,,46.9218,-1.7484,18000,311,5,5,"rx-003,rx-000,rx-002,rx-004,rx-001",2,46.9218,-1.7488,17997,31,348,0,173
1788213494.615,3944F1,,,47.4207,-1.9357,21000,258,5,5,"rx-004,rx-000,rx-003,rx-001,rx-002",2,47.4206,-1.9364,21004,127,394,0,141
1788213494.615,43BF3D,,,46.9239,-1.7465,18000,303,5,5,"rx-003,rx-000,rx-002,rx-004,rx-001",2,46.9234,-1.7472,17999,32,352,0,163
1788213495.615,3944F1,,,47.4203,-1.9337,21000,264,5,5,"rx-004,rx-000,rx-003,rx-001,rx-002",2,47.4197,-1.9342,21004,126,392,0,136
1788213496.615,3944F1,,,47.4190,-1.9314,21000,255,5,5,"rx-004,rx-000,rx-003,rx-001,rx-002",2,47.4187,-1.9319,21003,126,392,0,130
1788213497.615,3944F1,,,47.4179,-1.9290,21000,254,5,5,"rx-004,rx-000,rx-003,rx-001,rx-002",2,47.4177,-1.9296,21003,125,393,0,126
1788213497.615,43BF3D,,,46.9275,-1.7427,18000,299,5,5,"rx-003,rx-000,rx-002,rx-004,rx-001",2,46.9276,-1.7431,18001,32,355,0,172
1788213499.616,43BF3D,,,46.9301,-1.7405,18000,295,5,5,"rx-003,rx-000,rx-002,rx-004,rx-001",2,46.9303,-1.7405,18001,33,355,0,170
1788213500.614,43BF3D,,,46.9314,-1.7395,18000,300,5,5,"rx-003,rx-000,rx-002,rx-004,rx-001",2,46.9316,-1.7393,18002,33,355,0,161
1788213500.614,AE01CE,,,47.1465,-0.8656,25000,3860,4,4,"rx-002,rx-001,rx-000,rx-003",0,0
1788213501.615,43BF3D,,,46.9335,-1.7379,18000,292,5,5,"rx-003,rx-000,rx-002,rx-004,rx-001",2,46.9331,-1.7379,18002,33,356,0,153
1788213501.615,3944F1,,,47.4139,-1.9208,21000,255,5,5,"rx-004,rx-000,rx-003,rx-001,rx-002",2,47.4136,-1.9209,21003,125,393,0,146
1788213503.614,3944F1,,,47.4121,-1.9170,21000,246,5,5,"rx-004,rx-000,rx-003,rx-001,rx-002",2,47.4117,-1.9166,21002,125,391,0,144
1788213504.615,3944F1,,,47.4105,-1.9137,21000,251,5,5,"rx-004,rx-000,rx-003,rx-001,rx-002",2,47.4106,-1.9142,21003,125,393,0,136
1788213504.615,43BF3D,,,46.9416,-1.7248,18000,1500,3,3,"rx-000,rx-002,rx-001",0,46.9373,-1.7340,18003,33,357,0,161
1788213505.615,43BF3D,,,46.9394,-1.7325,18000,292,5,5,"rx-003,rx-000,rx-002,rx-004,rx-001",2,46.9388,-1.7325,18004,33,360,0,152
1788213506.615,43BF3D,,,46.9403,-1.7310,18000,291,5,5,"rx-003,rx-000,rx-002,rx-004,rx-001",2,46.9403,-1.7311,18005,33,362,0,146
1788213507.615,AE01CE,,,47.1486,-0.8834,25000,2925,5,5,"rx-002,rx-001,rx-000,rx-004,rx-003",1,0
1788213507.615,3944F1,,,47.4084,-1.9089,21000,248,5,5,"rx-004,rx-000,rx-003,rx-001,rx-002",2,47.4078,-1.9080,21001,124,388,0,144
1788213508.614,43BF3D,,,46.9433,-1.7283,18000,282,5,5,"rx-003,rx-000,rx-002,rx-004,rx-001",2,46.9432,-1.7282,18006,33,365,0,148
1788213509.614,43BF3D,,,46.9436,-1.7282,18000,289,5,5,"rx-003,rx-000,rx-002,rx-004,rx-001",2,46.9444,-1.7272,18006,33,361,0,143
1788213509.614,3944F1,,,47.4063,-1.9047,21000,429,4,4,"rx-000,rx-003,rx-001,rx-002",1,47.4058,-1.9039,21004,124,385,0,143
1788213511.615,43BF3D,,,46.9468,-1.7253,18000,286,5,5,"rx-003,rx-000,rx-002,rx-004,rx-001",2,46.9472,-1.7246,18006,33,360,0,147
1788213511.615,3944F1,,,47.4038,-1.8994,21000,236,5,5,"rx-004,rx-000,rx-003,rx-001,rx-002",2,47.4039,-1.8995,21004,124,386,0,139
1788213512.614,43BF3D,,,46.9471,-1.7261,18000,276,5,5,"rx-003,rx-000,rx-002,rx-004,rx-001",2,46.9483,-1.7240,18005,32,351,0,140
1788213512.615,3944F1,,,47.4383,-1.7308,21000,190,5,5,"rx-004,rx-000,rx-003,rx-001,rx-002",2,0
1788213513.615,AE01CE,,,47.1499,-0.8992,25000,2563,5,5,"rx-002,rx-001,rx-000,rx-004,rx-003",1,0
1788213514.614,3944F1,,,47.4008,-1.8949,21000,408,4,4,"rx-000,rx-003,rx-001,rx-002",1,47.4009,-1.8939,21007,124,379,0,148
1788213515.616,43BF3D,,,46.9521,-1.7216,18000,263,5,5,"rx-003,rx-000,rx-002,rx-004,rx-001",2,46.9523,-1.7206,18004,32,347,0,150
1788213515.616,3944F1,,,47.3987,-1.8920,21000,230,5,5,"rx-004,rx-000,rx-003,rx-001,rx-002",2,47.3993,-1.8916,21008,126,386,0,134
1788213516.615,3944F1,,,47.3979,-1.8902,21000,229,5,5,"rx-004,rx-000,rx-003,rx-001,rx-002",2,47.3981,-1.8895,21007,126,388,0,126
1788213517.615,3944F1,,,47.3973,-1.8888,21000,228,5,5,"rx-004,rx-000,rx-003,rx-001,rx-002",2,47.3971,-1.8876,21007,126,386,0,120
1788213517.615,43BF3D,,,46.9543,-1.7196,18000,268,5,5,"rx-003,rx-000,rx-002,rx-004,rx-001",2,46.9549,-1.7186,18003,31,340,0,150
1788213518.615,3944F1,,,47.3962,-1.8861,21000,227,5,5,"rx-004,rx-000,rx-003,rx-001,rx-002",2,47.3960,-1.8856,21006,126,385,0,115
1788213519.615,3944F1,,,47.3957,-1.8853,21000,227,5,5,"rx-004,rx-000,rx-003,rx-001,rx-002",2,47.3951,-1.8838,21005,126,380,0,112
1788213519.615,43BF3D,,,46.9567,-1.7169,18000,284,4,4,"rx-003,rx-000,rx-002,rx-001",1,46.9574,-1.7165,18003,30,336,0,155
1788213519.615,AE01CE,,,47.1521,-0.9151,25000,2503,5,5,"rx-002,rx-001,rx-000,rx-004,rx-003",1,0
1788213520.615,43BF3D,,,46.9592,-1.7157,18000,256,5,5,"rx-003,rx-000,rx-002,rx-004,rx-001",2,46.9588,-1.7155,18002,30,335,0,144
1788213521.615,3944F1,,,47.3929,-1.8795,21000,225,5,5,"rx-004,rx-000,rx-003,rx-001,rx-002",2,47.3930,-1.8796,21006,126,382,0,116
1788213521.615,43BF3D,,,46.9610,-1.7140,18000,252,5,5,"rx-003,rx-000,rx-002,rx-004,rx-001",2,46.9603,-1.7143,18003,30,337,0,136
1788213522.615,3944F1,,,47.3920,-1.8775,21000,223,5,5,"rx-004,rx-000,rx-003,rx-001,rx-002",2,47.3919,-1.8775,21006,126,382,0,112
1788213523.614,3944F1,,,47.3906,-1.8752,21000,213,5,5,"rx-004,rx-000,rx-003,rx-001,rx-002",2,47.3908,-1.8753,21006,127,384,0,108
1788213524.614,AE01CE,,,47.1530,-0.9262,25000,2239,5,5,"rx-002,rx-001,rx-000,rx-004,rx-003",1,0
1788213524.614,43BF3D,,,46.9556,-1.7068,18000,1047,3,3,"rx-003,rx-000,rx-004",0,46.9640,-1.7110,17999,30,330,0,157
1788213524.614,3944F1,,,47.3905,-1.8750,21000,213,5,5,"rx-004,rx-000,rx-003,rx-001,rx-002",2,47.3899,-1.8735,21006,127,379,0,105
1788213526.614,43BF3D,,,46.9692,-1.7091,18000,254,5,5,"rx-003,rx-000,rx-002,rx-004,rx-001",2,46.9674,-1.7089,17997,28,336,0,152
1788213526.614,3944F1,,,47.3883,-1.8704,21000,221,5,5,"rx-004,rx-000,rx-003,rx-001,rx-002",2,47.3879,-1.8696,21003,127,376,0,111
1788213527.614,3944F1,,,47.3863,-1.8667,21000,211,5,5,"rx-004,rx-000,rx-003,rx-001,rx-002",2,47.3867,-1.8674,21002,127,378,0,107
1788213528.614,3944F1,,,47.3846,-1.8645,21000,210,5,5,"rx-004,rx-000,rx-003,rx-001,rx-002",2,47.3855,-1.8652,21001,127,383,0,105
1788213529.614,3944F1,,,47.3842,-1.8632,21000,209,5,5,"rx-004,rx-000,rx-003,rx-001,rx-002",2,47.3843,-1.8631,21000,127,383,0,103
1788213529.615,43BF3D,,,46.9718,-1.7054,18000,1364,3,3,"rx-000,rx-002,rx-001",0,46.9715,-1.7057,17997,28,335,0,157
1788213530.614,AE01CE,,,47.1573,-0.9549,25000,2879,5,5,"rx-002,rx-001,rx-000,rx-004,rx-003",1,0
1788213531.615,43BF3D,,,46.9742,-1.7017,18000,267,4,4,"rx-003,rx-000,rx-002,rx-001",1,46.9743,-1.7028,17997,29,340,0,155
1788213531.615,3944F1,,,47.3827,-1.8593,21000,384,4,4,"rx-000,rx-003,rx-001,rx-002",1,47.3822,-1.8591,21003,128,382,0,109
1788213533.614,3944F1,,,47.3805,-1.8551,21000,376,4,4,"rx-000,rx-003,rx-001,rx-002",1,47.3801,-1.8550,21003,128,382,0,117
1788213533.614,43BF3D,,,46.9767,-1.7004,18000,265,4,4,"rx-003,rx-000,rx-002,rx-001",1,46.9770,-1.7005,17998,29,339,0,155
1788213534.614,43BF3D,,,46.9781,-1.6988,18000,263,4,4,"rx-003,rx-000,rx-002,rx-001",1,46.9783,-1.6992,17998,30,339,0,148
1788213535.614,3944F1,,,47.3788,-1.8514,21000,372,4,4,"rx-000,rx-003,rx-001,rx-002",1,47.3779,-1.8510,21005,128,381,0,126
1788213535.614,AE01CE,,,47.1575,-0.9641,25000,2496,4,4,"rx-002,rx-000,rx-004,rx-003",0,0
1788213536.615,43BF3D,,,46.9813,-1.6965,18000,247,5,5,"rx-003,rx-000,rx-002,rx-004,rx-001",2,46.9811,-1.6968,17999,30,341,0,145
1788213538.614,3944F1,,,47.3756,-1.8461,21000,215,5,5,"rx-004,rx-000,rx-003,rx-001,rx-002",2,47.3753,-1.8454,21001,127,369,0,129
1788213539.615,43BF3D,,,46.9845,-1.6927,18000,1253,3,3,"rx-000,rx-002,rx-001",0,46.9849,-1.6933,18000,30,337,0,150
1788213540.614,AE01CE,,,47.1593,-0.9778,25000,2242,5,5,"rx-002,rx-001,rx-000,rx-004,rx-003",1,47.1594,-0.9774,29616,280,429,0,1323
1788213540.614,43BF3D,,,46.9864,-1.6917,18000,236,5,5,"rx-003,rx-000,rx-002,rx-004,rx-001",2,46.9863,-1.6920,18000,30,339,0,137
1788213541.614,43BF3D,,,46.9877,-1.6905,18000,244,5,5,"rx-003,rx-000,rx-002,rx-004,rx-001",2,46.9877,-1.6907,18000,30,339,0,129
1788213542.615,3944F1,,,47.3713,-1.8357,21000,204,5,5,"rx-004,rx-000,rx-003,rx-001,rx-002",2,47.3712,-1.8369,20999,127,370,0,139
1788213543.614,43BF3D,,,46.9916,-1.6878,18000,234,5,5,"rx-003,rx-000,rx-002,rx-004,rx-001",2,46.9907,-1.6882,18001,31,345,0,130
1788213544.615,3944F1,,,47.3690,-1.8316,21000,224,4,4,"rx-004,rx-000,rx-003,rx-002",1,47.3691,-1.8327,20999,127,372,0,139
1788213545.613,AE01CE,,,47.1625,-0.9959,25000,2261,5,5,"rx-002,rx-001,rx-000,rx-004,rx-003",1,47.1617,-0.9937,28489,280,443,0,1234
1788213545.613,3944F1,,,47.3679,-1.8289,21000,201,5,5,"rx-004,rx-000,rx-003,rx-001,rx-002",2,47.3680,-1.8301,20999,126,376,0,125
1788213546.614,43BF3D,,,46.9958,-1.6841,18000,229,5,5,"rx-003,rx-000,rx-002,rx-004,rx-001",2,46.9951,-1.6844,18002,31,350,0,136
1788213546.614,3944F1,,,47.3671,-1.8265,21000,200,5,5,"rx-004,rx-000,rx-003,rx-001,rx-002",2,47.3670,-1.8277,20999,126,379,0,116
1788213547.615,43BF3D,,,46.9973,-1.6828,18000,228,5,5,"rx-000,rx-003,rx-002,rx-004,rx-001",2,46.9967,-1.6831,18001,31,353,0,124
1788213547.615,3944F1,,,47.3659,-1.8247,21000,200,5,5,"rx-004,rx-000,rx-003,rx-001,rx-002",2,47.3660,-1.8254,20998,126,381,0,110
1788213548.614,3944F1,,,47.3652,-1.8230,21000,199,5,5,"rx-004,rx-000,rx-003,rx-001,rx-002",2,47.3650,-1.8233,20997,126,380,0,105
1788213549.614,43BF3D,,,47.0004,-1.6803,18000,241,4,4,"rx-000,rx-003,rx-002,rx-001",1,46.9998,-1.6807,18000,30,357,0,124
1788213549.614,3944F1,,,47.3648,-1.8217,21000,208,5,5,"rx-004,rx-000,rx-003,rx-001,rx-002",2,47.3642,-1.8213,20996,125,376,0,102
1788213550.615,AE01CE,,,47.1650,-1.0090,25000,2280,5,5,"rx-002,rx-001,rx-000,rx-004,rx-003",1,47.1641,-1.0083,27483,281,443,0,1174
1788213550.615,43BF3D,,,47.0033,-1.6784,18000,225,5,5,"rx-000,rx-003,rx-002,rx-004,rx-001",2,47.0016,-1.6793,18000,30,365,0,117
1788213550.615,3944F1,,,47.3633,-1.8182,21000,207,5,5,"rx-000,rx-004,rx-003,rx-001,rx-002",2,47.3632,-1.8188,20992,125,380,0,98
1788213551.614,43BF3D,,,47.0034,-1.6784,18000,225,5,5,"rx-000,rx-003,rx-002,rx-004,rx-001",2,47.0031,-1.6782,18001,30,365,0,112
1788213552.615,3944F1,,,47.3621,-1.8160,21000,206,5,5,"rx-000,rx-004,rx-003,rx-001,rx-002",2,47.3613,-1.8148,20991,125,377,0,103
1788213552.615,43BF3D,,,47.0056,-1.6764,18000,224,5,5,"rx-000,rx-003,rx-002,rx-004,rx-001",2,47.0047,-1.6769,18003,30,368,0,109
1788213553.615,3944F1,,,47.3607,-1.8131,21000,206,5,5,"rx-000,rx-004,rx-003,rx-001,rx-002",2,47.3603,-1.8127,20989,124,377,0,100
1788213555.615,43BF3D,,,47.0090,-1.6730,18000,230,5,5,"rx-000,rx-003,rx-002,rx-004,rx-001",2,47.0090,-1.6731,18006,30,368,0,122
1788213555.615,3944F1,,,47.3584,-1.8083,21000,204,5,5,"rx-000,rx-004,rx-003,rx-001,rx-002",2,47.3583,-1.8082,20984,124,379,0,106
1788213555.615,AE01CE,,,47.1666,-1.0242,25000,2183,5,5,"rx-002,rx-001,rx-000,rx-004,rx-003",1,47.1662,-1.0232,26793,282,444,0,1134
1788213556.615,3944F1,,,47.3577,-1.8064,21000,204,5,5,"rx-000,rx-004,rx-003,rx-001,rx-002",2,47.3573,-1.8060,20982,124,379,0,103
1788213556.615,43BF3D,,,47.0111,-1.6713,18000,229,5,5,"rx-000,rx-003,rx-002,rx-004,rx-001",2,47.0105,-1.6718,18008,30,370,0,117
1788213557.615,3944F1,,,47.3573,-1.8053,21000,194,5,5,"rx-000,rx-004,rx-003,rx-001,rx-002",2,47.3565,-1.8041,20984,124,376,0,100
1788213558.614,3944F1,,,47.3562,-1.8023,21000,203,5,5,"rx-000,rx-004,rx-003,rx-001,rx-002",2,47.3556,-1.8019,20983,124,376,0,98
1788213559.613,43BF3D,,,47.0163,-1.6671,18000,232,4,4,"rx-000,rx-003,rx-002,rx-001",1,47.0152,-1.6678,18008,30,377,0,128
1788213560.614,AE01CE,,,47.1693,-1.0357,25000,2049,5,5,"rx-002,rx-001,rx-000,rx-004,rx-003",1,47.1686,-1.0365,26581,283,435,0,1107
1788213560.614,3944F1,,,47.3548,-1.7987,21000,193,5,5,"rx-000,rx-004,rx-003,rx-001,rx-002",2,47.3538,-1.7977,20983,123,372,0,103
1788213560.614,43BF3D,,,47.0166,-1.6664,18000,232,4,4,"rx-000,rx-003,rx-002,rx-001",1,47.0166,-1.6665,18008,30,376,0,121
1788213562.613,43BF3D,,,47.0199,-1.6646,18000,225,5,5,"rx-000,rx-003,rx-002,rx-004,rx-001",2,47.0194,-1.6642,18015,30,373,0,123
1788213562.614,3944F1,,,47.3528,-1.7947,21000,193,5,5,"rx-000,rx-004,rx-003,rx-001,rx-002",2,47.3520,-1.7936,20983,123,369,0,107
1788213564.614,43BF3D,,,47.0224,-1.6617,18000,229,4,4,"rx-000,rx-003,rx-002,rx-001",1,47.0223,-1.6617,18013,30,373,0,125
1788213565.614,3944F1,,,47.3497,-1.7888,21000,192,5,5,"rx-000,rx-004,rx-003,rx-001,rx-002",2,47.3493,-1.7874,20980,123,366,0,117
1788213565.614,AE01CE,,,47.1713,-1.0535,25000,2451,4,4,"rx-002,rx-001,rx-000,rx-003",0,47.1710,-1.0518,25621,283,442,0,1133
1788213566.615,43BF3D,,,47.0216,-1.6647,18000,486,4,4,"rx-000,rx-002,rx-004,rx-001",1,47.0248,-1.6590,18019,31,369,0,133
1788213567.614,43BF3D,,,47.0275,-1.6587,18000,223,5,5,"rx-000,rx-003,rx-002,rx-004,rx-001",2,47.0263,-1.6581,18022,31,368,0,124
1788213568.615,3944F1,,,47.3467,-1.7824,21000,201,5,5,"rx-000,rx-004,rx-003,rx-001,rx-002",2,47.3464,-1.7811,20970,123,367,0,125
1788213568.615,43BF3D,,,47.0300,-1.6570,18000,222,5,5,"rx-000,rx-003,rx-002,rx-004,rx-001",2,47.0280,-1.6570,18026,30,371,0,117
1788213569.615,43BF3D,,,47.0316,-1.6560,18000,213,5,5,"rx-000,rx-003,rx-002,rx-004,rx-001",2,47.0297,-1.6558,18025,30,374,0,112
1788213569.615,AE01CE,,,47.1732,-1.0647,25000,1841,5,5,"rx-002,rx-001,rx-000,rx-004,rx-003",1,47.1730,-1.0641,25804,284,452,0,1083
1788213569.615,3944F1,,,47.3458,-1.7806,21000,191,5,5,"rx-000,rx-004,rx-003,rx-001,rx-002",2,47.3454,-1.7791,20969,123,367,0,115
1788213570.615,3944F1,,,47.3442,-1.7772,21000,200,5,5,"rx-000,rx-004,rx-003,rx-001,rx-002",2,47.3442,-1.7767,20963,123,372,0,109
1788213571.615,3944F1,,,47.3436,-1.7762,21000,191,5,5,"rx-000,rx-004,rx-003,rx-001,rx-002",2,47.3432,-1.7747,20964,123,372,0,104
1788213571.615,43BF3D,,,47.0358,-1.6558,18000,447,4,4,"rx-000,rx-003,rx-004,rx-001",1,47.0327,-1.6537,18030,29,372,0,122
1788213572.615,3944F1,,,47.3430,-1.7744,21000,200,5,5,"rx-000,rx-004,rx-003,rx-001,rx-002",2,47.3422,-1.7727,20960,123,370,0,101
1788213573.615,AE01CE,,,47.1742,-1.0747,25000,1786,5,5,"rx-002,rx-001,rx-000,rx-004,rx-003",1,47.1745,-1.0752,26054,283,445,0,1046
1788213573.615,43BF3D,,,47.0372,-1.6505,18000,222,5,5,"rx-000,rx-003,rx-002,rx-004,rx-001",2,47.0358,-1.6511,18035,29,375,0,124
1788213573.615,3944F1,,,47.3410,-1.7711,21000,190,5,5,"rx-000,rx-004,rx-003,rx-001,rx-002",2,47.3411,-1.7704,20960,123,374,0,97
1788213574.615,3944F1,,,47.3404,-1.7688,21000,190,5,5,"rx-000,rx-004,rx-003,rx-001,rx-002",2,47.3401,-1.7681,20960,123,376,0,95
1788213575.615,3944F1,,,47.3397,-1.7676,21000,190,5,5,"rx-000,rx-004,rx-003,rx-001,rx-002",2,47.3391,-1.7660,20959,124,377,0,93
1788213576.614,43BF3D,,,47.0398,-1.6468,18000,227,4,4,"rx-000,rx-003,rx-002,rx-001",1,47.0401,-1.6473,18027,29,374,0,132
1788213577.615,3944F1,,,47.3376,-1.7629,21000,199,5,5,"rx-000,rx-004,rx-003,rx-001,rx-002",2,47.3371,-1.7617,20954,124,378,0,100
1788213578.616,43BF3D,,,47.0423,-1.6452,18000,226,4,4,"rx-000,rx-003,rx-002,rx-001",1,47.0428,-1.6449,18020,30,369,0,130
1788213579.615,AE01CE,,,47.1769,-1.0908,25000,1798,5,5,"rx-002,rx-001,rx-000,rx-004,rx-003",1,47.1769,-1.0916,26202,283,433,0,1056
1788213580.615,3944F1,,,47.3353,-1.7579,21000,198,5,5,"rx-000,rx-004,rx-003,rx-001,rx-002",2,47.3342,-1.7555,20946,124,376,0,113
1788213580.615,43BF3D,,,47.0459,-1.6423,18000,225,4,4,"rx-000,rx-003,rx-002,rx-001",1,47.0457,-1.6424,18016,30,369,0,128
1788213581.615,43BF3D,,,47.0495,-1.6413,18000,205,5,5,"rx-000,rx-003,rx-002,rx-004,rx-001",2,47.0473,-1.6414,18019,29,370,0,119
1788213582.616,3944F1,,,47.3304,-1.7528,21000,292,4,4,"rx-000,rx-003,rx-001,rx-002",1,47.3320,-1.7518,20961,125,373,0,118
1788213583.614,43BF3D,,,47.0472,-1.6384,18000,222,4,4,"rx-000,rx-003,rx-002,rx-001",1,47.0495,-1.6388,18017,30,359,0,120
1788213583.614,AE01CE,,,47.1757,-1.1013,25000,1906,4,4,"rx-002,rx-001,rx-000,rx-003",0,47.1772,-1.1022,26876,280,418,0,1056
1788213583.614,3944F1,,,47.3290,-1.7500,21000,291,4,4,"rx-000,rx-003,rx-001,rx-002",1,47.3308,-1.7499,20970,125,373,0,116
1788213584.615,3944F1,,,47.3280,-1.7480,21000,290,4,4,"rx-000,rx-003,rx-001,rx-002",1,47.3296,-1.7480,20977,126,374,0,115
1788213585.614,3944F1,,,47.3269,-1.7461,21000,289,4,4,"rx-000,rx-003,rx-001,rx-002",1,47.3284,-1.7461,20982,127,374,0,115
1788213586.614,43BF3D,,,47.0512,-1.6351,18000,229,4,4,"rx-000,rx-003,rx-002,rx-001",1,47.0529,-1.6351,18017,32,347,0,129
1788213587.615,3944F1,,,47.3249,-1.7414,21000,287,4,4,"rx-000,rx-003,rx-001,rx-002",1,47.3262,-1.7420,20988,127,376,0,123
1788213587.615,AE01CE,,,47.1774,-1.1122,25000,1966,4,4,"rx-002,rx-000,rx-001,rx-003",0,47.1780,-1.1126,26593,278,405,0,1053
1788213588.614,43BF3D,,,47.0547,-1.6304,18000,822,3,3,"rx-000,rx-002,rx-001",0,47.0553,-1.6323,18013,33,343,0,136
1788213588.614,3944F1,,,47.3234,-1.7389,21000,285,4,4,"rx-000,rx-003,rx-001,rx-002",1,47.3249,-1.7399,20992,128,379,0,122
1788213589.614,3944F1,,,47.3235,-1.7386,21000,292,4,4,"rx-000,rx-003,rx-001,rx-002",1,47.3238,-1.7380,20995,128,378,0,122
1788213590.614,43BF3D,,,47.0579,-1.6265,18000,799,3,3,"rx-000,rx-002,rx-001",0,47.0577,-1.6295,18010,34,340,0,145
1788213590.614,3944F1,,,47.3221,-1.7354,21000,290,4,4,"rx-000,rx-003,rx-001,rx-002",1,47.3227,-1.7359,20998,128,380,0,122
1788213591.614,43BF3D,,,47.0582,-1.6286,18000,219,4,4,"rx-000,rx-003,rx-002,rx-001",1,47.0586,-1.6285,18010,34,333,0,129
1788213591.614,3944F1,,,47.3210,-1.7331,21000,289,4,4,"rx-000,rx-003,rx-001,rx-002",1,47.3215,-1.7338,21001,128,381,0,122
1788213592.614,43BF3D,,,47.0604,-1.6267,18000,219,4,4,"rx-000,rx-003,rx-002,rx-001",1,47.0600,-1.6271,18008,34,333,0,119
1788213593.615,3944F1,,,47.3194,-1.7299,21000,282,4,4,"rx-000,rx-003,rx-001,rx-002",1,47.3194,-1.7298,21006,129,381,0,129
1788213593.615,AE01CE,,,47.1795,-1.1298,25000,1813,4,4,"rx-002,rx-000,rx-001,rx-003",0,47.1795,-1.1293,26426,277,404,0,1093
1788213594.615,43BF3D,,,47.0625,-1.6248,18000,218,4,4,"rx-000,rx-003,rx-002,rx-001",1,47.0624,-1.6246,18007,35,329,0,120
1788213594.615,3944F1,,,47.3183,-1.7276,21000,287,4,4,"rx-000,rx-003,rx-001,rx-002",1,47.3183,-1.7278,21008,129,381,0,128
1788213595.614,3944F1,,,47.3166,-1.7246,21000,279,4,4,"rx-000,rx-003,rx-001,rx-002",1,47.3171,-1.7256,21009,129,383,0,126
1788213595.614,43BF3D,,,47.0635,-1.6241,18000,226,4,4,"rx-000,rx-003,rx-002,rx-001",1,47.0635,-1.6236,18008,35,325,0,114
1788213596.615,3944F1,,,47.3160,-1.7234,21000,279,4,4,"rx-000,rx-003,rx-001,rx-002",1,47.3161,-1.7236,21010,129,383,0,124
1788213598.614,43BF3D,,,47.0651,-1.6191,18000,655,3,3,"rx-000,rx-003,rx-001",0,47.0670,-1.6200,18008,35,318,0,132
1788213598.614,3944F1,,,47.3144,-1.7201,21000,278,4,4,"rx-000,rx-003,rx-001,rx-002",1,47.3139,-1.7196,21013,129,382,0,131
1788213598.614,AE01CE,,,47.1811,-1.1426,25000,1650,4,4,"rx-002,rx-000,rx-001,rx-003",0,47.1809,-1.1428,26765,277,402,0,1094
1788213599.614,3944F1,,,47.3129,-1.7172,21000,276,4,4,"rx-000,rx-003,rx-001,rx-002",1,47.3128,-1.7175,21012,129,383,0,128
1788213600.614,43BF3D,,,47.0711,-1.6171,18000,217,4,4,"rx-000,rx-003,rx-002,rx-001",1,47.0698,-1.6174,18006,35,322,0,129
1788213600.614,3944F1,,,47.3114,-1.7143,21000,275,4,4,"rx-000,rx-003,rx-001,rx-002",1,47.3117,-1.7153,21012,129,385,0,126
1788213601.615,3944F1,,,47.3108,-1.7128,21000,273,4,4,"rx-000,rx-003,rx-001,rx-002",1,47.3106,-1.7132,21011,129,385,0,124
1788213601.615,43BF3D,,,47.0723,-1.6158,18000,224,4,4,"rx-000,rx-003,rx-002,rx-001",1,47.0712,-1.6161,18005,35,325,0,121
1788213602.614,3944F1,,,47.3092,-1.7097,21000,272,4,4,"rx-000,rx-003,rx-001,rx-002",1,47.3094,-1.7108,21007,129,390,0,122
1788213602.614,AE01CE,,,47.1827,-1.1555,25000,1665,5,5,"rx-002,rx-000,rx-001,rx-004,rx-003",1,47.1823,-1.1545,26364,278,408,0,1015
1788213603.615,43BF3D,,,47.0753,-1.6138,18000,216,5,5,"rx-000,rx-003,rx-002,rx-004,rx-001",2,47.0741,-1.6136,18001,34,328,0,122
1788213604.613,3944F1,,,47.3075,-1.7063,21000,211,5,5,"rx-000,rx-004,rx-003,rx-001,rx-002",2,47.3071,-1.7065,21005,129,392,0,120
1788213604.613,43BF3D,,,47.0765,-1.6125,18000,207,5,5,"rx-000,rx-003,rx-002,rx-004,rx-001",2,47.0756,-1.6124,17999,34,331,0,114
1788213605.615,3944F1,,,47.3059,-1.7033,21000,208,5,5,"rx-000,rx-004,rx-003,rx-001,rx-002",2,47.3058,-1.7041,21000,129,397,0,113
1788213606.614,43BF3D,,,47.0794,-1.6101,18000,710,3,3,"rx-000,rx-002,rx-001",0,47.0784,-1.6101,17997,33,332,0,123
1788213606.614,AE01CE,,,47.1844,-1.1679,25000,1814,4,4,"rx-002,rx-000,rx-001,rx-003",0,47.1838,-1.1664,25343,278,416,0,998
1788213607.613,3944F1,,,47.3041,-1.7002,21000,217,5,5,"rx-000,rx-004,rx-003,rx-001,rx-002",2,47.3036,-1.6998,20996,129,399,0,115
1788213607.613,43BF3D,,,47.0812,-1.6090,18000,214,4,4,"rx-000,rx-003,rx-002,rx-001",1,47.0800,-1.6089,17994,33,337,0,115
1788213608.614,43BF3D,,,47.0828,-1.6076,18000,215,5,5,"rx-000,rx-003,rx-002,rx-004,rx-001",2,47.0817,-1.6076,17992,32,342,0,111
1788213609.614,3944F1,,,47.3026,-1.6965,21000,268,4,4,"rx-000,rx-003,rx-001,rx-002",1,47.3014,-1.6957,20997,129,398,0,121
1788213610.614,3944F1,,,47.3009,-1.6937,21000,217,5,5,"rx-000,rx-004,rx-003,rx-001,rx-002",2,47.3003,-1.6935,20992,129,399,0,115
1788213611.614,3944F1,,,47.3003,-1.6922,21000,217,5,5,"rx-000,rx-004,rx-003,rx-001,rx-002",2,47.2993,-1.6915,20988,128,397,0,110
1788213611.614,43BF3D,,,47.0866,-1.6052,18000,682,3,3,"rx-000,rx-002,rx-001",0,47.0860,-1.6041,17988,32,344,0,129
1788213611.614,AE01CE,,,47.1863,-1.1824,25000,1538,5,5,"rx-002,rx-000,rx-001,rx-004,rx-003",1,47.1858,-1.1815,24922,279,429,0,968
1788213612.614,43BF3D,,,47.0880,-1.6031,18000,213,4,4,"rx-000,rx-003,rx-002,rx-001",1,47.0875,-1.6029,17988,31,347,0,119
1788213613.614,3944F1,,,47.2979,-1.6876,21000,215,5,5,"rx-000,rx-004,rx-003,rx-001,rx-002",2,47.2971,-1.6872,20979,128,398,0,114
1788213615.614,3944F1,,,47.2951,-1.6819,21000,261,4,4,"rx-000,rx-003,rx-001,rx-002",1,47.2949,-1.6826,20976,128,402,0,121
1788213615.614,43BF3D,,,47.0912,-1.6003,18000,647,3,3,"rx-000,rx-002,rx-001",0,47.0916,-1.5992,17987,31,347,0,138
1788213615.614,AE01CE,,,47.1870,-1.1922,25000,1507,5,5,"rx-000,rx-002,rx-001,rx-004,rx-003",1,47.1871,-1.1926,24571,279,426,0,768
1788213616.614,3944F1,,,47.2948,-1.6814,21000,207,5,5,"rx-000,rx-004,rx-003,rx-001,rx-002",2,47.2939,-1.6806,20975,128,399,0,114
1788213617.614,3944F1,,,47.2937,-1.6787,21000,196,5,5,"rx-000,rx-004,rx-003,rx-001,rx-002",2,47.2930,-1.6785,20980,127,397,0,108
1788213618.614,43BF3D,,,47.0951,-1.5948,18000,200,4,4,"rx-000,rx-003,rx-002,rx-001",1,47.0957,-1.5953,17985,32,349,0,137
1788213618.614,3944F1,,,47.2924,-1.6759,21000,204,5,5,"rx-000,rx-004,rx-003,rx-001,rx-002",2,47.2919,-1.6762,20977,127,398,0,105
1788213619.614,AE01CE,,,47.1881,-1.2014,25000,1685,4,4,"rx-000,rx-002,rx-001,rx-003",0,47.1884,-1.2029,24070,280,415,0,730
1788213619.614,3944F1,,,47.2917,-1.6744,21000,205,5,5,"rx-000,rx-004,rx-003,rx-001,rx-002",2,47.2910,-1.6742,20981,127,396,0,102
1788213620.615,43BF3D,,,47.0978,-1.5922,18000,200,5,5,"rx-000,rx-003,rx-002,rx-004,rx-001",2,47.0983,-1.5926,17987,32,348,0,130
1788213621.615,3944F1,,,47.2899,-1.6700,21000,196,5,5,"rx-000,rx-004,rx-003,rx-001,rx-002",2,47.2890,-1.6699,20985,126,393,0,106
1788213622.615,43BF3D,,,47.1009,-1.5894,18000,199,4,4,"rx-000,rx-003,rx-002,rx-001",1,47.1011,-1.5899,17987,32,351,0,126
1788213623.615,43BF3D,,,47.1035,-1.5876,18000,183,5,5,"rx-000,rx-003,rx-002,rx-004,rx-001",2,47.1027,-1.5883,17989,32,356,0,115
1788213623.615,3944F1,,,47.2873,-1.6646,21000,174,5,5,"rx-000,rx-004,rx-003,rx-001,rx-002",2,47.2870,-1.6653,20987,126,395,0,108
1788213624.614,3944F1,,,47.2864,-1.6631,21000,174,5,5,"rx-000,rx-004,rx-003,rx-001,rx-002",2,47.2860,-1.6632,20991,126,394,0,102
1788213624.614,AE01CE,,,47.1904,-1.2175,25000,1378,5,5,"rx-000,rx-002,rx-001,rx-004,rx-003",1,47.1901,-1.2171,23307,280,419,0,672
1788213625.614,43BF3D,,,47.1059,-1.5852,18000,193,5,5,"rx-000,rx-003,rx-002,rx-004,rx-001",2,47.1056,-1.5856,17990,33,359,0,116
1788213625.614,3944F1,,,47.2855,-1.6607,21000,183,5,5,"rx-000,rx-004,rx-003,rx-001,rx-002",2,47.2851,-1.6609,20993,125,394,0,99
1788213627.614,AE01CE,,,47.1910,-1.2229,25000,1459,4,4,"rx-000,rx-002,rx-004,rx-003",0,47.1909,-1.2250,23883,280,413,0,638
1788213627.614,43BF3D,,,47.1071,-1.5846,18000,259,4,4,"rx-000,rx-003,rx-002,rx-004",1,47.1081,-1.5833,17999,33,354,0,122
1788213628.614,3944F1,,,47.2812,-1.6526,21000,245,4,4,"rx-000,rx-003,rx-001,rx-002",1,47.2819,-1.6541,20995,125,398,0,114
1788213629.614,43BF3D,,,47.1116,-1.5799,18000,192,5,5,"rx-000,rx-003,rx-002,rx-004,rx-001",2,47.1111,-1.5805,17999,33,359,0,121
1788213630.614,3944F1,,,47.2805,-1.6495,21000,174,5,5,"rx-000,rx-003,rx-004,rx-001,rx-002",2,47.2799,-1.6495,20988,124,399,0,114
1788213631.614,AE01CE,,,47.1930,-1.2368,25000,1307,5,5,"rx-000,rx-002,rx-001,rx-004,rx-003",1,47.1925,-1.2365,23290,280,417,0,599
1788213632.614,43BF3D,,,47.1163,-1.5762,18000,181,5,5,"rx-000,rx-003,rx-002,rx-004,rx-001",2,47.1156,-1.5765,18000,32,365,0,125
1788213632.614,3944F1,,,47.2785,-1.6455,21000,174,5,5,"rx-000,rx-003,rx-004,rx-001,rx-002",2,47.2780,-1.6451,20986,124,398,0,114
1788213634.614,3944F1,,,47.2768,-1.6425,21000,174,5,5,"rx-000,rx-003,rx-004,rx-001,rx-002",2,47.2762,-1.6411,20991,124,390,0,113
1788213634.614,43BF3D,,,47.1189,-1.5728,18000,195,4,4,"rx-000,rx-003,rx-002,rx-001",1,47.1186,-1.5735,17999,33,370,0,122
1788213635.613,3944F1,,,47.2760,-1.6401,21000,184,5,5,"rx-000,rx-003,rx-004,rx-001,rx-002",2,47.2754,-1.6391,20992,123,386,0,107
1788213635.613,43BF3D,,,47.1189,-1.5747,18000,357,4,4,"rx-000,rx-002,rx-004,rx-001",1,47.1200,-1.5723,18000,32,370,0,120
1788213635.614,AE01CE,,,47.1938,-1.2489,25000,1528,4,4,"rx-000,rx-002,rx-001,rx-004",0,47.1940,-1.2480,23345,280,421,0,639
1788213637.614,43BF3D,,,47.1226,-1.5698,18000,180,5,5,"rx-000,rx-003,rx-002,rx-004,rx-001",2,47.1228,-1.5696,18002,32,370,0,118
1788213638.614,3944F1,,,47.2712,-1.6314,21000,239,4,4,"rx-000,rx-003,rx-001,rx-002",1,47.2723,-1.6324,20986,123,388,0,121
1788213638.614,AE01CE,,,47.1952,-1.2551,25000,1251,5,5,"rx-000,rx-002,rx-001,rx-004,rx-003",1,47.1952,-1.2559,22615,281,416,0,577
1788213639.613,3944F1,,,47.2715,-1.6325,21000,177,5,5,"rx-000,rx-003,rx-004,rx-001,rx-002",2,47.2715,-1.6307,20995,123,381,0,112
1788213639.613,43BF3D,,,47.1250,-1.5677,18000,184,5,5,"rx-000,rx-003,rx-002,rx-004,rx-001",2,47.1254,-1.5672,18009,33,366,0,117
1788213640.614,3944F1,,,47.2698,-1.6296,21000,182,5,5,"rx-000,rx-003,rx-004,rx-001,rx-002",2,47.2704,-1.6288,20997,124,380,0,106
1788213641.614,43BF3D,,,47.1277,-1.5655,18000,203,4,4,"rx-000,rx-003,rx-002,rx-001",1,47.1281,-1.5647,18009,32,363,0,118
1788213641.614,AE01CE,,,47.1960,-1.2646,25000,1372,4,4,"rx-000,rx-002,rx-001,rx-003",0,47.1962,-1.2643,22550,281,417,0,577
1788213642.614,43BF3D,,,47.1283,-1.5656,18000,203,4,4,"rx-000,rx-003,rx-002,rx-001",1,47.1293,-1.5639,18008,32,356,0,112
1788213642.614,3944F1,,,47.2674,-1.6253,21000,248,4,4,"rx-000,rx-003,rx-001,rx-002",1,47.2683,-1.6247,20999,124,379,0,113
1788213643.614,3944F1,,,47.2674,-1.6247,21000,191,5,5,"rx-000,rx-003,rx-004,rx-001,rx-002",2,47.2673,-1.6230,20999,124,373,0,107
1788213643.614,43BF3D,,,47.1309,-1.5635,18000,198,5,5,"rx-000,rx-003,rx-002,rx-004,rx-001",2,47.1307,-1.5628,18009,32,356,0,107
1788213644.614,3944F1,,,47.2663,-1.6226,21000,182,5,5,"rx-000,rx-003,rx-004,rx-001,rx-002",2,47.2664,-1.6212,20998,124,370,0,103
1788213645.614,43BF3D,,,47.1332,-1.5614,18000,189,5,5,"rx-000,rx-003,rx-002,rx-004,rx-001",2,47.1334,-1.5605,18011,32,353,0,110
1788213646.614,AE01CE,,,47.1981,-1.2779,25000,1100,5,5,"rx-000,rx-002,rx-001,rx-004,rx-003",1,47.1980,-1.2779,22575,281,414,0,570
1788213646.614,3944F1,,,47.2638,-1.6177,21000,248,4,4,"rx-000,rx-003,rx-001,rx-002",1,47.2643,-1.6172,20994,125,368,0,110
1788213647.614,43BF3D,,,47.1354,-1.5591,18000,203,4,4,"rx-000,rx-003,rx-002,rx-001",1,47.1360,-1.5583,18010,31,349,0,113
1788213647.614,3944F1,,,47.2629,-1.6152,21000,183,5,5,"rx-000,rx-003,rx-004,rx-001,rx-002",2,47.2632,-1.6151,20987,125,370,0,105
1788213648.614,3944F1,,,47.2616,-1.6136,21000,182,5,5,"rx-000,rx-003,rx-004,rx-001,rx-002",2,47.2621,-1.6131,20989,125,370,0,101
1788213649.614,43BF3D,,,47.1395,-1.5560,18000,189,5,5,"rx-000,rx-003,rx-002,rx-004,rx-001",2,47.1389,-1.5559,18009,31,351,0,115
1788213649.614,AE01CE,,,47.1986,-1.2861,25000,1019,5,5,"rx-000,rx-002,rx-001,rx-004,rx-003",1,47.1990,-1.2860,22952,281,410,0,528
1788213649.614,3944F1,,,47.2602,-1.6106,21000,191,5,5,"rx-000,rx-003,rx-004,rx-001,rx-002",2,47.2609,-1.6110,20987,126,373,0,99
1788213650.614,3944F1,,,47.2592,-1.6092,21000,183,5,5,"rx-000,rx-003,rx-004,rx-001,rx-002",2,47.2598,-1.6089,20993,126,373,0,97
1788213651.614,43BF3D,,,47.1409,-1.5538,18000,188,5,5,"rx-000,rx-003,rx-002,rx-004,rx-001",2,47.1415,-1.5535,18008,31,347,0,116
1788213651.614,3944F1,,,47.2575,-1.6061,21000,182,5,5,"rx-000,rx-003,rx-004,rx-001,rx-002",2,47.2585,-1.6068,20997,126,376,0,95
1788213652.614,AE01CE,,,47.1992,-1.2939,25000,922,5,5,"rx-000,rx-002,rx-001,rx-004,rx-003",1,47.1998,-1.2940,23483,281,405,0,489
1788213653.614,3944F1,,,47.2559,-1.6030,21000,182,5,5,"rx-000,rx-003,rx-004,rx-001,rx-002",2,47.2564,-1.6027,21002,127,376,0,100
1788213654.614,43BF3D,,,47.1446,-1.5492,18000,204,4,4,"rx-000,rx-003,rx-002,rx-001",1,47.1454,-1.5497,18007,32,344,0,124
1788213654.614,AE01CE,,,47.1995,-1.2997,25000,914,5,5,"rx-000,rx-002,rx-001,rx-004,rx-003",1,47.2002,-1.2994,23689,280,404,0,447
1788213655.614,3944F1,,,47.2543,-1.5989,21000,191,5,5,"rx-000,rx-003,rx-004,rx-001,rx-002",2,47.2544,-1.5987,21024,127,373,0,105
1788213655.614,43BF3D,,,47.1454,-1.5485,18000,199,5,5,"rx-000,rx-003,rx-002,rx-004,rx-001",2,47.1464,-1.5484,18011,32,339,0,116
1788213656.614,AE01CE,,,47.2005,-1.3063,25000,876,5,5,"rx-000,rx-002,rx-001,rx-004,rx-003",1,47.2007,-1.3052,23922,280,407,0,416
1788213657.614,43BF3D,,,47.1483,-1.5451,18000,213,4,4,"rx-000,rx-003,rx-002,rx-001",1,47.1489,-1.5458,18007,33,337,0,118
1788213657.614,3944F1,,,47.2519,-1.5943,21000,192,5,5,"rx-000,rx-003,rx-004,rx-001,rx-002",2,47.2523,-1.5946,21043,127,373,0,109
1788213658.614,AE01CE,,,47.2010,-1.3119,25000,877,5,5,"rx-000,rx-002,rx-001,rx-003,rx-004",1,47.2012,-1.3110,23897,279,410,0,392
1788213659.614,43BF3D,,,47.1510,-1.5428,18000,191,5,5,"rx-000,rx-003,rx-002,rx-004,rx-001",2,47.1514,-1.5431,18005,33,335,0,118
1788213659.614,3944F1,,,47.2488,-1.5881,21000,184,5,5,"rx-000,rx-003,rx-004,rx-001,rx-002",2,47.2500,-1.5900,21050,127,381,0,111
1788213660.615,AE01CE,,,47.2010,-1.3164,25000,850,5,5,"rx-000,rx-002,rx-001,rx-003,rx-004",1,47.2016,-1.3165,23996,279,408,0,374
1788213661.614,3944F1,,,47.2475,-1.5853,21000,183,5,5,"rx-000,rx-003,rx-004,rx-001,rx-002",2,47.2479,-1.5858,21064,127,382,0,113
1788213661.614,43BF3D,,,47.1544,-1.5393,18000,189,5,5,"rx-000,rx-003,rx-002,rx-004,rx-001",2,47.1542,-1.5403,17995,34,338,0,117
1788213662.614,43BF3D,,,47.1549,-1.5386,18000,183,5,5,"rx-000,rx-003,rx-002,rx-004,rx-001",2,47.1554,-1.5389,17992,34,337,0,110
1788213662.614,AE01CE,,,47.2017,-1.3209,25000,816,5,5,"rx-000,rx-002,rx-001,rx-003,rx-004",1,47.2021,-1.3216,24024,279,404,0,356
1788213662.614,3944F1,,,47.2461,-1.5827,21000,186,5,5,"rx-000,rx-003,rx-004,rx-001,rx-002",2,47.2468,-1.5835,21085,127,384,0,108
1788213663.614,3944F1,,,47.2451,-1.5800,21000,178,5,5,"rx-000,rx-003,rx-004,rx-001,rx-002",2,47.2458,-1.5812,21095,127,387,0,103
1788213664.614,43BF3D,,,47.1576,-1.5354,18000,207,4,4,"rx-000,rx-003,rx-002,rx-001",1,47.1580,-1.5362,17983,34,338,0,112
1788213664.614,3944F1,,,47.2439,-1.5776,21000,178,5,5,"rx-000,rx-003,rx-004,rx-001,rx-002",2,47.2447,-1.5788,21103,126,390,0,99
1788213665.614,AE01CE,,,47.2039,-1.3305,25000,789,5,5,"rx-000,rx-002,rx-001,rx-003,rx-004",1,47.2032,-1.3299,24134,279,406,0,355
1788213666.614,43BF3D,,,47.1621,-1.5347,18000,197,5,5,"rx-000,rx-003,rx-002,rx-004,rx-001",2,47.1610,-1.5339,17973,33,341,0,115
1788213666.614,3944F1,,,47.2429,-1.5761,21000,190,5,5,"rx-000,rx-003,rx-004,rx-001,rx-002",2,47.2426,-1.5749,21089,127,387,0,105
1788213667.616,AE01CE,,,47.2046,-1.3383,25000,768,5,5,"rx-000,rx-002,rx-001,rx-003,rx-004",1,47.2040,-1.3363,24113,279,417,0,341
1788213667.615,3944F1,,,47.2411,-1.5732,21000,182,5,5,"rx-000,rx-003,rx-004,rx-001,rx-002",2,47.2414,-1.5728,21069,127,387,0,102
1788213669.615,3944F1,,,47.2390,-1.5690,21000,183,5,5,"rx-000,rx-003,rx-004,rx-001,rx-002",2,47.2392,-1.5687,21056,127,388,0,106
1788213669.615,43BF3D,,,47.1644,-1.5309,18000,213,4,4,"rx-000,rx-003,rx-002,rx-001",1,47.1649,-1.5304,17968,33,338,0,124
1788213670.615,43BF3D,,,47.1665,-1.5288,18000,213,4,4,"rx-000,rx-003,rx-002,rx-001",1,47.1664,-1.5291,17965,33,340,0,116
1788213671.615,AE01CE,,,47.2056,-1.3488,25000,874,4,4,"rx-000,rx-002,rx-001,rx-003",0,47.2054,-1.3480,24041,279,425,0,371
1788213671.615,3944F1,,,47.2370,-1.5643,21000,184,5,5,"rx-000,rx-003,rx-004,rx-001,rx-002",2,47.2370,-1.5645,21036,127,389,0,110
1788213671.615,43BF3D,,,47.1690,-1.5281,18000,232,4,4,"rx-000,rx-003,rx-002,rx-001",1,47.1680,-1.5279,17958,32,344,0,112
1788213672.615,43BF3D,,,47.1704,-1.5277,18000,211,4,4,"rx-000,rx-003,rx-002,rx-001",1,47.1696,-1.5269,17963,31,346,0,108
1788213672.615,3944F1,,,47.2359,-1.5627,21000,185,5,5,"rx-000,rx-003,rx-004,rx-001,rx-002",2,47.2360,-1.5624,21030,127,388,0,106
1788213673.614,AE01CE,,,47.2063,-1.3540,25000,701,5,5,"rx-000,rx-002,rx-001,rx-003,rx-004",1,47.2061,-1.3538,24275,280,427,0,345
1788213674.615,3944F1,,,47.2336,-1.5580,21000,186,5,5,"rx-000,rx-003,rx-004,rx-001,rx-002",2,47.2338,-1.5582,21024,127,390,0,110
1788213674.615,43BF3D,,,47.1728,-1.5249,18000,191,5,5,"rx-000,rx-003,rx-002,rx-001,rx-004",2,47.1724,-1.5246,17967,31,347,0,111
1788213675.614,43BF3D,,,47.1739,-1.5241,18000,190,5,5,"rx-000,rx-003,rx-002,rx-001,rx-004",2,47.1738,-1.5235,17969,31,347,0,107
1788213675.614,3944F1,,,47.2328,-1.5566,21000,186,5,5,"rx-000,rx-003,rx-004,rx-001,rx-002",2,47.2327,-1.5562,21023,127,388,0,106
1788213675.614,AE01CE,,,47.2073,-1.3602,25000,690,5,5,"rx-000,rx-002,rx-001,rx-003,rx-004",1,47.2069,-1.3597,24271,280,431,0,324
1788213676.615,3944F1,,,47.2319,-1.5542,21000,186,5,5,"rx-000,rx-003,rx-004,rx-001,rx-002",2,47.2317,-1.5541,21022,127,388,0,104
1788213677.615,AE01CE,,,47.2078,-1.3644,25000,675,5,5,"rx-000,rx-002,rx-001,rx-003,rx-004",1,47.2077,-1.3652,24330,280,429,0,309
1788213677.615,3944F1,,,47.2306,-1.5518,21000,187,5,5,"rx-000,rx-003,rx-004,rx-002,rx-001",2,47.2306,-1.5520,21020,127,388,0,101
1788213678.614,43BF3D,,,47.1780,-1.5205,18000,192,5,5,"rx-000,rx-003,rx-002,rx-001,rx-004",2,47.1780,-1.5201,17975,30,346,0,118
1788213678.614,3944F1,,,47.2303,-1.5509,21000,196,5,5,"rx-000,rx-003,rx-004,rx-002,rx-001",2,47.2297,-1.5500,21019,127,385,0,100
1788213679.614,AE01CE,,,47.2089,-1.3715,25000,646,5,5,"rx-000,rx-002,rx-001,rx-003,rx-004",1,47.2085,-1.3711,24481,280,432,0,296
1788213680.615,43BF3D,,,47.1810,-1.5185,18000,221,4,4,"rx-000,rx-003,rx-002,rx-001",1,47.1808,-1.5179,17980,30,345,0,120
1788213680.615,3944F1,,,47.2277,-1.5458,21000,188,5,5,"rx-000,rx-003,rx-004,rx-002,rx-001",2,47.2275,-1.5459,21008,127,385,0,106
1788213681.614,3944F1,,,47.2272,-1.5456,21000,196,5,5,"rx-000,rx-003,rx-004,rx-002,rx-001",2,47.2266,-1.5441,21008,127,380,0,104
1788213681.614,AE01CE,,,47.2095,-1.3774,25000,628,5,5,"rx-000,rx-002,rx-001,rx-003,rx-004",1,47.2093,-1.3770,24608,280,435,0,286
1788213682.615,43BF3D,,,47.1834,-1.5170,18000,192,5,5,"rx-000,rx-003,rx-002,rx-001,rx-004",2,47.1835,-1.5160,17980,29,343,0,121
1788213682.615,3944F1,,,47.2256,-1.5430,21000,189,5,5,"rx-000,rx-003,rx-004,rx-002,rx-001",2,47.2255,-1.5423,21003,128,378,0,102
1788213683.615,AE01CE,,,47.2100,-1.3841,25000,605,5,5,"rx-000,rx-002,rx-001,rx-003,rx-004",1,47.2100,-1.3832,24702,280,440,0,276
1788213685.615,AE01CE,,,47.2108,-1.3896,25000,588,5,5,"rx-000,rx-002,rx-001,rx-003,rx-004",1,47.2108,-1.3892,24736,280,444,0,267
1788213685.615,3944F1,,,47.2231,-1.5376,21000,196,5,5,"rx-000,rx-003,rx-004,rx-002,rx-001",2,47.2225,-1.5365,20986,128,373,0,116
1788213685.615,43BF3D,,,47.1877,-1.5131,18000,225,4,4,"rx-000,rx-003,rx-002,rx-001",1,47.1877,-1.5128,17982,28,342,0,131
1788213687.615,AE01CE,,,47.2117,-1.3946,25000,572,5,5,"rx-000,rx-002,rx-001,rx-003,rx-004",1,47.2116,-1.3950,24781,281,444,0,259
1788213688.614,3944F1,,,47.2197,-1.5309,21000,303,3,3,"rx-000,rx-002,rx-001",0,47.2193,-1.5306,20978,128,371,0,133
1788213688.614,43BF3D,,,47.1924,-1.5091,18000,198,5,5,"rx-000,rx-003,rx-002,rx-001,rx-004",2,47.1921,-1.5094,17984,28,345,0,136
1788213689.614,3944F1,,,47.2183,-1.5279,21000,191,5,5,"rx-000,rx-003,rx-002,rx-004,rx-001",2,47.2183,-1.5284,20980,128,372,0,123
1788213689.614,AE01CE,,,47.2123,-1.4004,25000,529,5,5,"rx-000,rx-002,rx-001,rx-003,rx-004",1,47.2123,-1.4008,24901,281,444,0,248
1788213691.614,AE01CE,,,47.2129,-1.4055,25000,584,4,4,"rx-000,rx-002,rx-001,rx-003",0,47.2130,-1.4064,24970,281,441,0,248
1788213691.614,3944F1,,,47.2168,-1.5249,21000,179,5,5,"rx-000,rx-003,rx-002,rx-004,rx-001",2,47.2164,-1.5245,20987,128,369,0,122
1788213691.614,43BF3D,,,47.1968,-1.5049,18000,178,5,5,"rx-000,rx-003,rx-002,rx-001,rx-004",2,47.1965,-1.5056,18006,28,350,0,135
1788213693.615,3944F1,,,47.2144,-1.5211,21000,217,4,4,"rx-000,rx-003,rx-002,rx-001",1,47.2143,-1.5206,20995,128,367,0,124
1788213693.615,43BF3D,,,47.1987,-1.5027,18000,177,5,5,"rx-000,rx-003,rx-002,rx-001,rx-004",2,47.1991,-1.5031,18012,29,349,0,127
1788213693.615,AE01CE,,,47.2134,-1.4116,25000,485,5,5,"rx-000,rx-002,rx-001,rx-003,rx-004",1,47.2137,-1.4120,25177,281,439,0,237
1788213694.615,3944F1,,,47.2122,-1.5167,21000,175,5,5,"rx-000,rx-003,rx-002,rx-004,rx-001",2,47.2130,-1.5181,21007,128,374,0,115
1788213695.615,43BF3D,,,47.2011,-1.5004,18000,195,5,5,"rx-000,rx-003,rx-002,rx-001,rx-004",2,47.2017,-1.5007,18013,29,347,0,124
1788213695.615,AE01CE,,,47.2139,-1.4164,25000,476,5,5,"rx-000,rx-002,rx-001,rx-003,rx-004",1,47.2143,-1.4175,25231,280,435,0,227
1788213696.614,43BF3D,,,47.2027,-1.4992,18000,176,5,5,"rx-000,rx-003,rx-002,rx-001,rx-004",2,47.2030,-1.4994,18015,29,346,0,114
1788213697.615,3944F1,,,47.2095,-1.5105,21000,250,3,3,"rx-000,rx-002,rx-001",0,47.2097,-1.5116,21014,127,379,0,128
1788213697.615,AE01CE,,,47.2145,-1.4216,25000,462,5,5,"rx-000,rx-002,rx-001,rx-003,rx-004",1,47.2149,-1.4228,25276,280,430,0,218
1788213698.615,43BF3D,,,47.2059,-1.4963,18000,235,3,3,"rx-000,rx-002,rx-001",0,47.2058,-1.4969,18018,30,347,0,117
1788213698.615,AE01CE,,,47.2153,-1.4249,25000,451,5,5,"rx-000,rx-002,rx-001,rx-003,rx-004",1,47.2152,-1.4255,25310,280,427,0,203
1788213698.615,3944F1,,,47.2094,-1.5098,21000,211,4,4,"rx-000,rx-003,rx-002,rx-001",1,47.2088,-1.5097,21003,127,376,0,121
1788213699.615,AE01CE,,,47.2156,-1.4289,25000,444,5,5,"rx-000,rx-002,rx-001,rx-003,rx-004",1,47.2156,-1.4285,25244,280,429,0,191
1788213699.615,3944F1,,,47.2079,-1.5066,21000,186,5,5,"rx-000,rx-003,rx-002,rx-001,rx-004",2,47.2078,-1.5073,21010,127,379,0,113
1788213700.615,43BF3D,,,47.2085,-1.4941,18000,205,4,4,"rx-000,rx-003,rx-002,rx-001",1,47.2086,-1.4945,18017,30,348,0,119
1788213700.615,3944F1,,,47.2074,-1.5058,21000,194,5,5,"rx-000,rx-003,rx-002,rx-001,rx-004",2,47.2069,-1.5054,21011,127,376,0,108
1788213701.614,AE01CE,,,47.2161,-1.4330,25000,431,5,5,"rx-000,rx-002,rx-001,rx-003,rx-004",1,47.2162,-1.4340,25304,280,426,0,190
1788213702.614,43BF3D,,,47.2118,-1.4910,18000,231,3,3,"rx-000,rx-002,rx-001",0,47.2115,-1.4918,18020,30,351,0,122
1788213702.614,AE01CE,,,47.2167,-1.4368,25000,421,5,5,"rx-000,rx-002,rx-001,rx-003,rx-004",1,47.2166,-1.4368,25294,280,426,0,180
1788213702.614,3944F1,,,47.2050,-1.5002,21000,177,5,5,"rx-000,rx-003,rx-002,rx-001,rx-004",2,47.2048,-1.5010,21014,126,379,0,110
1788213703.614,43BF3D,,,47.2135,-1.4904,18000,173,5,5,"rx-000,rx-003,rx-002,rx-001,rx-004",2,47.2130,-1.4905,18016,30,354,0,112
1788213703.614,AE01CE,,,47.2172,-1.4391,25000,416,5,5,"rx-000,rx-002,rx-001,rx-003,rx-004",1,47.2170,-1.4395,25273,281,425,0,172
1788213704.627,3944F1,,,47.2037,-1.4980,21000,186,4,4,"rx-003,rx-002,rx-001,rx-004",1,47.2030,-1.4971,21024,126,374,0,106
1788213704.615,AE01CE,,,47.2176,-1.4430,25000,408,5,5,"rx-000,rx-002,rx-001,rx-003,rx-004",1,47.2174,-1.4425,25223,281,427,0,166
1788213705.616,AE01CE,,,47.2183,-1.4452,25000,403,5,5,"rx-000,rx-002,rx-001,rx-003,rx-004",1,47.2179,-1.4453,25211,281,427,0,160
1788213706.615,AE01CE,,,47.2181,-1.4470,25000,398,5,5,"rx-000,rx-002,rx-001,rx-003,rx-004",1,47.2182,-1.4480,25213,281,425,0,156
1788213706.615,3944F1,,,47.2015,-1.4935,21000,180,5,5,"rx-000,rx-002,rx-003,rx-001,rx-004",2,47.2011,-1.4932,21018,126,371,0,109
1788213706.615,43BF3D,,,47.2184,-1.4858,18000,178,5,5,"rx-000,rx-002,rx-003,rx-001,rx-004",2,47.2177,-1.4865,18024,30,362,0,119
1788213707.614,43BF3D,,,47.2193,-1.4855,18000,168,5,5,"rx-000,rx-002,rx-003,rx-001,rx-004",2,47.2191,-1.4854,18018,30,363,0,109
1788213707.614,3944F1,,,47.2004,-1.4904,21000,171,5,5,"rx-000,rx-002,rx-003,rx-001,rx-004",2,47.2001,-1.4910,21022,126,372,0,103
1788213707.614,AE01CE,,,47.2189,-1.4515,25000,388,5,5,"rx-000,rx-002,rx-001,rx-003,rx-004",1,47.2186,-1.4509,25195,281,427,0,152
1788213708.616,43BF3D,,,47.2205,-1.4843,18000,168,5,5,"rx-000,rx-002,rx-003,rx-001,rx-004",2,47.2206,-1.4842,18014,30,363,0,103
1788213708.616,3944F1,,,47.1998,-1.4890,21000,180,5,5,"rx-000,rx-002,rx-003,rx-001,rx-004",2,47.1993,-1.4889,21021,125,370,0,100
1788213708.616,AE01CE,,,47.2193,-1.4531,25000,385,5,5,"rx-000,rx-002,rx-001,rx-003,rx-004",1,47.2191,-1.4537,25190,281,425,0,149
1788213709.614,3944F1,,,47.1990,-1.4872,21000,180,5,5,"rx-000,rx-002,rx-003,rx-001,rx-004",2,47.1984,-1.4870,21017,125,368,0,97
1788213709.614,AE01CE,,,47.2200,-1.4576,25000,376,5,5,"rx-000,rx-002,rx-001,rx-003,rx-004",1,47.2195,-1.4567,25164,281,428,0,146
1788213710.614,AE01CE,,,47.2200,-1.4593,25000,373,5,5,"rx-000,rx-002,rx-001,rx-003,rx-004",1,47.2199,-1.4595,25148,281,428,0,144
1788213711.614,AE01CE,,,47.2203,-1.4614,25000,369,5,5,"rx-000,rx-002,rx-001,rx-003,rx-004",1,47.2203,-1.4622,25133,281,426,0,142
1788213711.614,3944F1,,,47.1963,-1.4825,21000,194,4,4,"rx-000,rx-002,rx-003,rx-001",1,47.1965,-1.4828,21009,125,367,0,103
1788213712.615,3944F1,,,47.1953,-1.4801,21000,180,5,5,"rx-000,rx-002,rx-003,rx-001,rx-004",2,47.1954,-1.4806,21016,125,370,0,100
1788213712.615,43BF3D,,,47.2261,-1.4786,18000,203,4,4,"rx-000,rx-002,rx-001,rx-003",1,47.2264,-1.4791,18007,30,365,0,123
1788213712.614,AE01CE,,,47.2208,-1.4636,25000,364,5,5,"rx-000,rx-002,rx-001,rx-003,rx-004",1,47.2207,-1.4648,25144,282,423,0,140
1788213713.614,AE01CE,,,47.2206,-1.4654,25000,361,5,5,"rx-000,rx-002,rx-001,rx-003,rx-004",1,47.2210,-1.4673,25085,281,418,0,138
1788213713.614,43BF3D,,,47.2277,-1.4773,18000,171,5,5,"rx-000,rx-002,rx-001,rx-003,rx-004",2,47.2278,-1.4778,17996,30,365,0,112
1788213714.614,3944F1,,,47.1932,-1.4767,21000,175,5,5,"rx-000,rx-002,rx-003,rx-001,rx-004",2,47.1935,-1.4765,21009,125,369,0,104
1788213714.614,AE01CE,,,47.2210,-1.4705,25000,351,5,5,"rx-000,rx-002,rx-001,rx-003,rx-004",1,47.2213,-1.4701,25041,281,419,0,137
1788213715.615,43BF3D,,,47.2294,-1.4758,18000,222,3,3,"rx-000,rx-001,rx-002",0,47.2305,-1.4755,17996,30,362,0,116
1788213715.615,3944F1,,,47.1920,-1.4739,21000,174,5,5,"rx-000,rx-002,rx-003,rx-001,rx-004",2,47.1924,-1.4744,21002,125,371,0,100
1788213715.615,AE01CE,,,47.2211,-1.4725,25000,347,5,5,"rx-000,rx-002,rx-001,rx-003,rx-004",1,47.2216,-1.4728,24976,281,418,0,135
1788213716.614,AE01CE,,,47.2221,-1.4759,25000,341,5,5,"rx-000,rx-002,rx-001,rx-003,rx-004",1,47.2220,-1.4757,24890,281,419,0,134
1788213716.614,43BF3D,,,47.2313,-1.4746,18000,179,5,5,"rx-000,rx-001,rx-002,rx-003,rx-004",2,47.2317,-1.4745,17983,30,357,0,108
1788213717.614,AE01CE,,,47.2221,-1.4792,25000,336,5,5,"rx-000,rx-002,rx-003,rx-001,rx-004",1,47.2223,-1.4786,24810,281,420,0,132
1788213718.614,AE01CE,,,47.2219,-1.4809,25000,333,5,5,"rx-000,rx-002,rx-003,rx-001,rx-004",1,47.2225,-1.4813,24804,281,419,0,131
1788213718.614,3944F1,,,47.1890,-1.4681,21000,195,4,4,"rx-000,rx-002,rx-003,rx-001",1,47.1894,-1.4681,21004,125,372,0,112
1788213719.614,3944F1,,,47.1876,-1.4651,21000,195,4,4,"rx-000,rx-002,rx-003,rx-001",1,47.1882,-1.4658,21007,125,377,0,108
1788213719.614,43BF3D,,,47.2349,-1.4708,18000,225,3,3,"rx-000,rx-001,rx-002",0,47.2357,-1.4708,17985,31,355,0,121
1788213720.615,3944F1,,,47.1866,-1.4640,21000,175,5,5,"rx-000,rx-002,rx-003,rx-001,rx-004",2,47.1871,-1.4638,21002,125,377,0,103
1788213720.615,AE01CE,,,47.2227,-1.4881,25000,321,5,5,"rx-000,rx-003,rx-002,rx-001,rx-004",1,47.2232,-1.4871,24795,280,421,0,138
1788213721.614,AE01CE,,,47.2230,-1.4893,25000,319,5,5,"rx-000,rx-003,rx-002,rx-001,rx-004",1,47.2234,-1.4898,24799,280,419,0,135
1788213721.614,43BF3D,,,47.2385,-1.4676,18000,225,3,3,"rx-000,rx-001,rx-002",0,47.2386,-1.4681,17989,31,357,0,124
1788213722.614,43BF3D,,,47.2389,-1.4669,18000,209,4,4,"rx-000,rx-001,rx-002,rx-003",1,47.2398,-1.4670,17990,31,353,0,119
1788213722.614,3944F1,,,47.1840,-1.4587,21000,184,5,5,"rx-000,rx-002,rx-003,rx-001,rx-004",2,47.1848,-1.4594,21000,125,382,0,107
1788213723.614,43BF3D,,,47.2404,-1.4655,18000,209,4,4,"rx-000,rx-001,rx-002,rx-003",1,47.2411,-1.4657,17991,31,352,0,115
1788213723.614,AE01CE,,,47.2240,-1.4963,25000,308,5,5,"rx-000,rx-003,rx-002,rx-001,rx-004",1,47.2241,-1.4956,24844,280,421,0,140
1788213724.615,3944F1,,,47.1825,-1.4561,21000,174,5,5,"rx-000,rx-002,rx-003,rx-001,rx-004",2,47.1827,-1.4553,21002,125,381,0,108
1788213724.615,43BF3D,,,47.2418,-1.4642,18000,168,5,5,"rx-000,rx-001,rx-002,rx-004,rx-003",2,47.2423,-1.4644,17991,32,349,0,105
1788213724.615,AE01CE,,,47.2239,-1.4980,25000,306,5,5,"rx-000,rx-003,rx-002,rx-001,rx-004",1,47.2243,-1.4983,24885,280,419,0,135
1788213725.615,3944F1,,,47.1816,-1.4540,21000,184,5,5,"rx-000,rx-002,rx-003,rx-001,rx-004",2,47.1817,-1.4534,21003,126,380,0,104
1788213726.614,AE01CE,,,47.2250,-1.5052,25000,298,5,5,"rx-000,rx-003,rx-002,rx-001,rx-004",1,47.2250,-1.5042,24938,280,422,0,139
1788213726.614,43BF3D,,,47.2447,-1.4615,18000,169,5,5,"rx-000,rx-001,rx-002,rx-004,rx-003",2,47.2449,-1.4618,17994,32,349,0,105
1788213727.628,3944F1,,,47.1795,-1.4501,21000,181,4,4,"rx-002,rx-003,rx-001,rx-004",1,47.1797,-1.4494,21008,126,378,0,102
1788213728.614,43BF3D,,,47.2470,-1.4597,18000,179,5,5,"rx-000,rx-001,rx-002,rx-004,rx-003",2,47.2475,-1.4593,18000,32,346,0,106
1788213728.614,AE01CE,,,47.2252,-1.5093,25000,293,5,5,"rx-000,rx-003,rx-002,rx-001,rx-004",1,47.2255,-1.5097,25026,279,420,0,142
1788213729.614,3944F1,,,47.1771,-1.4451,21000,191,4,4,"rx-000,rx-002,rx-003,rx-001",1,47.1776,-1.4452,21007,126,379,0,105
1788213730.615,43BF3D,,,47.2501,-1.4569,18000,168,5,5,"rx-000,rx-001,rx-002,rx-004,rx-003",2,47.2502,-1.4568,18000,33,345,0,106
1788213730.615,3944F1,,,47.1761,-1.4425,21000,184,5,5,"rx-000,rx-002,rx-003,rx-001,rx-004",2,47.1765,-1.4429,21014,126,382,0,102
1788213731.614,AE01CE,,,47.2265,-1.5178,25000,330,4,4,"rx-000,rx-003,rx-002,rx-001",0,47.2265,-1.5180,25076,279,418,0,157
1788213732.614,AE01CE,,,47.2262,-1.5197,25000,328,4,4,"rx-000,rx-003,rx-002,rx-001",0,47.2267,-1.5206,25106,279,415,0,151
1788213732.614,3944F1,,,47.1737,-1.4389,21000,191,4,4,"rx-000,rx-002,rx-003,rx-001",1,47.1743,-1.4387,21013,126,384,0,106
1788213732.614,43BF3D,,,47.2528,-1.4542,18000,168,5,5,"rx-000,rx-001,rx-002,rx-004,rx-003",2,47.2529,-1.4542,18004,33,346,0,106
1788213733.614,AE01CE,,,47.2270,-1.5245,25000,324,4,4,"rx-000,rx-003,rx-002,rx-001",0,47.2270,-1.5236,25115,279,417,0,147
1788213733.614,43BF3D,,,47.2543,-1.4534,18000,168,5,5,"rx-000,rx-001,rx-002,rx-004,rx-003",2,47.2542,-1.4530,18004,33,345,0,100
1788213734.615,AE01CE,,,47.2269,-1.5254,25000,322,4,4,"rx-000,rx-003,rx-002,rx-001",0,47.2272,-1.5263,25131,279,415,0,144
1788213734.615,3944F1,,,47.1718,-1.4354,21000,184,5,5,"rx-000,rx-002,rx-003,rx-001,rx-004",2,47.1721,-1.4348,21011,127,383,0,109
1788213735.614,43BF3D,,,47.2569,-1.4508,18000,167,5,5,"rx-000,rx-001,rx-004,rx-002,rx-003",2,47.2570,-1.4505,18010,33,345,0,101
1788213735.614,AE01CE,,,47.2272,-1.5293,25000,360,4,4,"rx-000,rx-003,rx-004,rx-001",0,47.2274,-1.5291,25130,279,414,0,137
1788213736.614,43BF3D,,,47.2587,-1.4490,18000,167,5,5,"rx-000,rx-001,rx-004,rx-002,rx-003",2,47.2584,-1.4491,18013,33,348,0,96
1788213736.614,3944F1,,,47.1691,-1.4307,21000,189,4,4,"rx-000,rx-002,rx-001,rx-003",1,47.1698,-1.4305,21013,127,386,0,111
1788213736.614,AE01CE,,,47.2277,-1.5331,25000,274,5,5,"rx-000,rx-003,rx-004,rx-002,rx-001",1,47.2277,-1.5321,25144,278,417,0,129
1788213737.615,AE01CE,,,47.2279,-1.5365,25000,273,5,5,"rx-000,rx-003,rx-004,rx-002,rx-001",1,47.2280,-1.5352,25157,278,420,0,123
1788213738.614,3944F1,,,47.1674,-1.4270,21000,174,5,5,"rx-000,rx-002,rx-001,rx-003,rx-004",2,47.1676,-1.4265,21014,127,387,0,111
1788213738.614,AE01CE,,,47.2282,-1.5379,25000,272,5,5,"rx-000,rx-003,rx-004,rx-002,rx-001",1,47.2283,-1.5380,25192,278,420,0,119
1788213739.614,43BF3D,,,47.2627,-1.4449,18000,231,3,3,"rx-000,rx-001,rx-002",0,47.2625,-1.4452,18012,33,349,0,111
1788213740.614,3944F1,,,47.1653,-1.4228,21000,198,4,4,"rx-000,rx-002,rx-001,rx-003",1,47.1654,-1.4224,21014,128,386,0,114
1788213740.614,43BF3D,,,47.2640,-1.4441,18000,167,5,5,"rx-000,rx-001,rx-004,rx-002,rx-003",2,47.2640,-1.4438,18017,33,351,0,103
1788213740.614,AE01CE,,,47.2288,-1.5438,25000,314,4,4,"rx-000,rx-003,rx-002,rx-001",0,47.2288,-1.5436,25238,278,420,0,128
1788213741.614,3944F1,,,47.1637,-1.4201,21000,185,5,5,"rx-000,rx-002,rx-001,rx-003,rx-004",2,47.1641,-1.4202,21016,128,390,0,108
1788213741.614,AE01CE,,,47.2290,-1.5464,25000,270,5,5,"rx-000,rx-003,rx-004,rx-002,rx-001",1,47.2291,-1.5465,25275,278,420,0,123
1788213742.614,43BF3D,,,47.2661,-1.4423,18000,214,4,4,"rx-000,rx-001,rx-002,rx-003",1,47.2666,-1.4414,18019,33,348,0,109
1788213742.614,AE01CE,,,47.2291,-1.5486,25000,270,5,5,"rx-000,rx-003,rx-004,rx-002,rx-001",1,47.2293,-1.5492,25297,278,419,0,119
1788213743.614,3944F1,,,47.1611,-1.4153,21000,185,5,5,"rx-000,rx-002,rx-001,rx-003,rx-004",2,47.1617,-1.4157,21020,128,396,0,110
1788213743.614,AE01CE,,,47.2296,-1.5530,25000,270,5,5,"rx-000,rx-003,rx-004,rx-002,rx-001",1,47.2296,-1.5522,25330,278,421,0,116
1788213744.614,AE01CE,,,47.2297,-1.5558,25000,270,5,5,"rx-000,rx-003,rx-004,rx-002,rx-001",1,47.2298,-1.5551,25353,278,422,0,114
1788213744.614,3944F1,,,47.1603,-1.4140,21000,175,5,5,"rx-000,rx-002,rx-001,rx-003,rx-004",2,47.1605,-1.4136,21019,128,397,0,104
1788213744.614,43BF3D,,,47.2695,-1.4389,18000,167,5,5,"rx-000,rx-001,rx-004,rx-002,rx-003",2,47.2695,-1.4387,18024,33,351,0,108
1788213745.614,AE01CE,,,47.2301,-1.5586,25000,271,5,5,"rx-000,rx-003,rx-004,rx-002,rx-001",1,47.2301,-1.5581,25379,277,424,0,112
1788213746.615,43BF3D,,,47.2710,-1.4364,18000,235,3,3,"rx-000,rx-001,rx-002",0,47.2720,-1.4363,18020,33,348,0,114
1788213746.615,AE01CE,,,47.2302,-1.5610,25000,271,5,5,"rx-000,rx-003,rx-004,rx-002,rx-001",1,47.2303,-1.5610,25414,277,424,0,111
1788213746.615,3944F1,,,47.1586,-1.4091,21000,223,3,3,"rx-000,rx-002,rx-001",0,47.1583,-1.4093,21015,128,399,0,109
1788213747.614,43BF3D,,,47.2732,-1.4351,18000,168,5,5,"rx-000,rx-001,rx-004,rx-002,rx-003",2,47.2734,-1.4349,18023,33,349,0,105
1788213747.614,AE01CE,,,47.2303,-1.5634,25000,272,5,5,"rx-000,rx-003,rx-004,rx-002,rx-001",1,47.2305,-1.5638,25457,277,423,0,110
1788213747.614,3944F1,,,47.1568,-1.4071,21000,176,5,5,"rx-000,rx-002,rx-001,rx-003,rx-004",2,47.1570,-1.4071,21015,128,401,0,104
1788213748.614,AE01CE,,,47.2308,-1.5658,25000,273,5,5,"rx-000,rx-003,rx-004,rx-002,rx-001",1,47.2308,-1.5665,25471,277,422,0,109
1788213749.614,43BF3D,,,47.2755,-1.4322,18000,237,3,3,"rx-000,rx-001,rx-002",0,47.2760,-1.4323,18020,34,348,0,111
1788213749.614,AE01CE,,,47.2311,-1.5696,25000,274,5,5,"rx-000,rx-003,rx-004,rx-002,rx-001",1,47.2310,-1.5694,25508,277,423,0,109
1788213750.614,AE01CE,,,47.2313,-1.5713,25000,275,5,5,"rx-000,rx-003,rx-004,rx-001,rx-002",1,47.2313,-1.5721,25523,277,421,0,109
1788213750.614,43BF3D,,,47.2773,-1.4316,18000,217,4,4,"rx-000,rx-001,rx-002,rx-003",1,47.2774,-1.4309,18023,34,348,0,109
1788213750.627,3944F1,,,47.1549,-1.4032,21000,208,3,3,"rx-002,rx-001,rx-003",0,47.1541,-1.4012,21025,128,393,0,114
1788213751.628,3944F1,,,47.1532,-1.4005,21000,184,4,4,"rx-002,rx-001,rx-003,rx-004",1,47.1533,-1.3994,21025,128,385,0,104
1788213752.615,43BF3D,,,47.2795,-1.4285,18000,239,3,3,"rx-000,rx-001,rx-002",0,47.2800,-1.4284,18018,34,346,0,116
1788213752.615,3944F1,,,47.1522,-1.3981,21000,189,4,4,"rx-000,rx-002,rx-001,rx-003",1,47.1521,-1.3974,21025,128,386,0,100
1788213753.614,3944F1,,,47.1508,-1.3959,21000,189,4,4,"rx-000,rx-002,rx-001,rx-003",1,47.1510,-1.3954,21024,128,386,0,97
1788213753.614,43BF3D,,,47.2818,-1.4282,18000,219,4,4,"rx-000,rx-001,rx-002,rx-003",1,47.2814,-1.4271,18022,34,347,0,114
1788213754.615,AE01CE,,,47.2326,-1.5825,25000,326,4,4,"rx-000,rx-003,rx-001,rx-002",0,47.2323,-1.5832,25634,277,418,0,138
1788213754.615,3944F1,,,47.1491,-1.3928,21000,187,5,5,"rx-000,rx-002,rx-001,rx-003,rx-004",2,47.1497,-1.3931,21027,128,390,0,95
1788213754.615,43BF3D,,,47.2824,-1.4268,18000,168,5,5,"rx-000,rx-001,rx-004,rx-002,rx-003",2,47.2828,-1.4258,18026,34,347,0,104
1788213755.615,AE01CE,,,47.2332,-1.5873,25000,330,4,4,"rx-000,rx-003,rx-001,rx-002",0,47.2325,-1.5862,25680,277,421,0,137
1788213755.615,3944F1,,,47.1479,-1.3903,21000,177,5,5,"rx-000,rx-002,rx-001,rx-003,rx-004",2,47.1485,-1.3908,21026,128,395,0,93
1788213756.615,3944F1,,,47.1475,-1.3899,21000,187,5,5,"rx-000,rx-002,rx-001,rx-003,rx-004",2,47.1473,-1.3889,21027,129,393,0,92
1788213756.615,AE01CE,,,47.2329,-1.5877,25000,286,5,5,"rx-000,rx-003,rx-004,rx-001,rx-002",1,47.2328,-1.5888,25718,277,417,0,130
1788213756.615,43BF3D,,,47.2847,-1.4228,18000,241,3,3,"rx-000,rx-001,rx-002",0,47.2853,-1.4232,18021,34,346,0,111
1788213757.615,43BF3D,,,47.2875,-1.4227,18000,220,4,4,"rx-000,rx-001,rx-002,rx-003",1,47.2868,-1.4217,18025,34,349,0,110
1788213758.615,AE01CE,,,47.2334,-1.5943,25000,292,5,5,"rx-000,rx-003,rx-004,rx-001,rx-002",1,47.2333,-1.5944,25773,277,417,0,134
1788213758.615,3944F1,,,47.1452,-1.3857,21000,178,5,5,"rx-000,rx-002,rx-001,rx-003,rx-004",2,47.1451,-1.3848,21026,129,393,0,98
1788213758.615,43BF3D,,,47.2883,-1.4212,18000,169,5,5,"rx-000,rx-001,rx-004,rx-002,rx-003",2,47.2884,-1.4204,18030,34,353,0,101
1788213759.614,3944F1,,,47.1441,-1.3837,21000,188,5,5,"rx-000,rx-002,rx-001,rx-003,rx-004",2,47.1439,-1.3828,21026,129,392,0,96
1788213759.614,AE01CE,,,47.2334,-1.5968,25000,295,5,5,"rx-000,rx-003,rx-004,rx-001,rx-002",1,47.2335,-1.5971,25806,277,416,0,129
1788213760.614,43BF3D,,,47.2900,-1.4189,18000,169,5,5,"rx-000,rx-001,rx-004,rx-002,rx-003",2,47.2909,-1.4178,18034,34,350,0,102
1788213761.614,3944F1,,,47.1415,-1.3789,21000,179,5,5,"rx-000,rx-002,rx-001,rx-003,rx-004",2,47.1416,-1.3786,21025,129,394,0,101
1788213761.614,AE01CE,,,47.2351,-1.6046,25000,348,4,4,"rx-000,rx-003,rx-001,rx-002",0,47.2340,-1.6030,25899,277,419,0,138
1788213761.614,43BF3D,,,47.2920,-1.4175,18000,169,5,5,"rx-000,rx-001,rx-004,rx-002,rx-003",2,47.2924,-1.4165,18037,34,352,0,97
1788213762.615,3944F1,,,47.1402,-1.3761,21000,179,5,5,"rx-000,rx-002,rx-001,rx-003,rx-004",2,47.1404,-1.3764,21023,129,397,0,98
1788213762.615,AE01CE,,,47.2340,-1.6056,25000,304,5,5,"rx-000,rx-003,rx-004,rx-001,rx-002",1,47.2342,-1.6058,25965,277,419,0,132
1788213762.615,43BF3D,,,47.2928,-1.4168,18000,169,5,5,"rx-000,rx-001,rx-004,rx-002,rx-003",2,47.2936,-1.4153,18039,34,349,0,93
1788213763.614,AE01CE,,,47.2346,-1.6087,25000,308,5,5,"rx-000,rx-003,rx-004,rx-001,rx-002",1,47.2345,-1.6086,25999,277,419,0,128
1788213763.614,3944F1,,,47.1398,-1.3754,21000,179,5,5,"rx-000,rx-002,rx-001,rx-003,rx-004",2,47.1393,-1.3744,21021,129,395,0,96
1788213764.615,AE01CE,,,47.2347,-1.6118,25000,312,5,5,"rx-000,rx-003,rx-004,rx-001,rx-002",1,47.2347,-1.6115,26049,277,420,0,126
1788213764.615,43BF3D,,,47.2961,-1.4150,18000,223,4,4,"rx-000,rx-001,rx-002,rx-003",1,47.2963,-1.4128,18043,34,347,0,101
1788213764.615,3944F1,,,47.1381,-1.3721,21000,179,5,5,"rx-000,rx-002,rx-001,rx-003,rx-004",2,47.1381,-1.3722,21020,129,397,0,94
1788213765.615,43BF3D,,,47.2970,-1.4132,18000,224,4,4,"rx-000,rx-001,rx-002,rx-003",1,47.2976,-1.4116,18045,34,346,0,101
1788213765.615,AE01CE,,,47.2351,-1.6142,25000,315,5,5,"rx-000,rx-003,rx-004,rx-001,rx-002",1,47.2349,-1.6144,26103,277,420,0,124
1788213766.614,43BF3D,,,47.2968,-1.4105,18000,224,4,4,"rx-000,rx-001,rx-002,rx-003",1,47.2987,-1.4104,18037,34,340,0,102
1788213766.614,AE01CE,,,47.2363,-1.6164,25000,321,5,5,"rx-000,rx-003,rx-004,rx-001,rx-002",1,47.2353,-1.6170,26043,277,417,0,122
1788213766.614,3944F1,,,47.1362,-1.3669,21000,190,5,5,"rx-000,rx-002,rx-001,rx-003,rx-004",2,47.1359,-1.3680,21008,129,397,0,101
1788213767.614,43BF3D,,,47.2988,-1.4106,18000,181,4,4,"rx-000,rx-001,rx-004,rx-002",1,47.2997,-1.4093,18030,34,334,0,97
1788213768.614,AE01CE,,,47.2365,-1.6211,25000,328,5,5,"rx-000,rx-003,rx-004,rx-001,rx-002",1,47.2359,-1.6222,26007,277,412,0,130
1788213768.614,3944F1,,,47.1343,-1.3639,21000,182,5,5,"rx-000,rx-002,rx-001,rx-003,rx-004",2,47.1338,-1.3641,20993,129,392,0,105
1788213769.614,43BF3D,,,47.3019,-1.4072,18000,171,5,5,"rx-000,rx-001,rx-004,rx-002,rx-003",2,47.3022,-1.4068,18023,34,331,0,100
1788213769.614,AE01CE,,,47.2367,-1.6230,25000,331,5,5,"rx-000,rx-003,rx-004,rx-001,rx-002",1,47.2362,-1.6245,25938,277,405,0,128
1788213770.614,43BF3D,,,47.3036,-1.4056,18000,181,5,5,"rx-000,rx-001,rx-004,rx-002,rx-003",2,47.3035,-1.4055,18019,34,332,0,96
1788213770.614,AE01CE,,,47.2371,-1.6252,25000,335,5,5,"rx-000,rx-003,rx-004,rx-001,rx-002",1,47.2365,-1.6268,25871,278,399,0,126
1788213770.614,3944F1,,,47.1321,-1.3595,21000,192,4,4,"rx-000,rx-002,rx-001,rx-003",1,47.1317,-1.3601,20982,129,388,0,109
1788213771.613,43BF3D,,,47.3045,-1.4044,18000,171,5,5,"rx-000,rx-001,rx-004,rx-002,rx-003",2,47.3047,-1.4043,18015,34,330,0,93
1788213771.614,3944F1,,,47.1304,-1.3562,21000,183,5,5,"rx-000,rx-002,rx-001,rx-003,rx-004",2,47.1306,-1.3579,20975,129,390,0,104
1788213772.615,AE01CE,,,47.2402,-1.6346,25000,387,5,5,"rx-000,rx-003,rx-004,rx-001,rx-002",1,47.2375,-1.6324,25595,279,401,0,135
1788213773.614,3944F1,,,47.1310,-1.3547,21000,201,5,5,"rx-000,rx-002,rx-001,rx-003,rx-004",2,47.1290,-1.3542,20964,128,377,0,110
1788213774.614,AE01CE,,,47.2409,-1.6399,25000,401,5,5,"rx-000,rx-003,rx-004,rx-001,rx-002",1,47.2386,-1.6380,25287,280,402,0,144
1788213774.614,3944F1,,,47.1300,-1.3526,21000,201,5,5,"rx-000,rx-002,rx-001,rx-003,rx-004",2,47.1284,-1.3526,20958,128,368,0,107
1788213775.614,3944F1,,,47.1292,-1.3510,21000,191,5,5,"rx-000,rx-002,rx-001,rx-003,rx-004",2,47.1277,-1.3509,20959,127,359,0,104
1788213775.614,AE01CE,,,47.2415,-1.6430,25000,408,5,5,"rx-000,rx-003,rx-004,rx-001,rx-002",1,47.2393,-1.6410,24994,281,405,0,142
1788213775.614,43BF3D,,,47.3121,-1.4028,18000,175,5,5,"rx-000,rx-001,rx-004,rx-002,rx-003",2,47.3102,-1.4004,17992,32,325,0,111
1788213776.615,43BF3D,,,47.3141,-1.4011,18000,175,5,5,"rx-000,rx-001,rx-004,rx-002,rx-003",2,47.3120,-1.3999,17984,30,328,0,105
1788213776.615,AE01CE,,,47.2415,-1.6455,25000,414,5,5,"rx-000,rx-003,rx-004,rx-001,rx-002",1,47.2399,-1.6438,24721,281,407,0,141
1788213776.615,3944F1,,,47.1280,-1.3485,21000,192,5,5,"rx-000,rx-002,rx-001,rx-003,rx-004",2,47.1270,-1.3491,20958,127,353,0,102
1788213777.614,AE01CE,,,47.2419,-1.6492,25000,424,5,5,"rx-000,rx-003,rx-004,rx-001,rx-002",1,47.2405,-1.6469,24464,282,411,0,140
1788213778.614,3944F1,,,47.1264,-1.3464,21000,236,4,4,"rx-000,rx-002,rx-001,rx-004",1,47.1253,-1.3459,20957,127,342,0,108
1788213778.614,AE01CE,,,47.2422,-1.6504,25000,430,5,5,"rx-000,rx-003,rx-004,rx-001,rx-002",1,47.2411,-1.6496,24197,282,410,0,140
1788213778.614,43BF3D,,,47.3182,-1.3994,18000,248,4,4,"rx-000,rx-001,rx-002,rx-003",1,47.3149,-1.3980,17972,28,329,0,112
1788213779.614,43BF3D,,,47.3171,-1.3982,18000,196,4,4,"rx-000,rx-001,rx-004,rx-002",1,47.3163,-1.3974,17967,27,327,0,106
1788213780.614,3944F1,,,47.1249,-1.3417,21000,193,5,5,"rx-000,rx-002,rx-001,rx-003,rx-004",2,47.1238,-1.3424,20953,126,331,0,112
1788213780.614,AE01CE,,,47.2428,-1.6560,25000,447,5,5,"rx-000,rx-003,rx-004,rx-001,rx-002",1,47.2420,-1.6551,23819,283,410,0,150
1788213781.615,3944F1,,,47.1237,-1.3399,21000,203,5,5,"rx-000,rx-002,rx-001,rx-003,rx-004",2,47.1231,-1.3407,20949,126,325,0,109
1788213781.615,AE01CE,,,47.2435,-1.6604,25000,462,5,5,"rx-000,rx-003,rx-004,rx-001,rx-002",1,47.2426,-1.6582,23553,283,415,0,149
1788213782.614,AE01CE,,,47.2434,-1.6630,25000,472,5,5,"rx-000,rx-003,rx-004,rx-001,rx-002",1,47.2431,-1.6613,23370,283,419,0,149
1788213782.614,3944F1,,,47.1212,-1.3356,21000,198,5,5,"rx-000,rx-002,rx-001,rx-003,rx-004",2,47.1221,-1.3386,20951,126,328,0,106
1788213783.615,3944F1,,,47.1210,-1.3346,21000,198,5,5,"rx-000,rx-002,rx-001,rx-003,rx-004",2,47.1212,-1.3367,20951,125,327,0,104
1788213783.615,AE01CE,,,47.2435,-1.6655,25000,476,5,5,"rx-000,rx-003,rx-004,rx-001,rx-002",1,47.2435,-1.6644,23210,283,422,0,150
1788213783.615,43BF3D,,,47.3225,-1.3925,18000,179,5,5,"rx-000,rx-001,rx-004,rx-002,rx-003",2,47.3218,-1.3934,17955,26,325,0,121
1788213785.615,AE01CE,,,47.2440,-1.6692,25000,492,5,5,"rx-000,rx-003,rx-004,rx-001,rx-002",1,47.2443,-1.6698,22883,283,420,0,160
1788213785.615,43BF3D,,,47.3261,-1.3892,18000,179,5,5,"rx-000,rx-001,rx-004,rx-002,rx-003",2,47.3248,-1.3911,17954,26,331,0,118
1788213785.627,3944F1,,,47.1185,-1.3294,21000,206,4,4,"rx-002,rx-001,rx-003,rx-004",1,47.1188,-1.3324,20946,126,337,0,105
1788213786.614,3944F1,,,47.1176,-1.3286,21000,199,5,5,"rx-000,rx-002,rx-001,rx-003,rx-004",2,47.1179,-1.3306,20947,126,336,0,103
1788213787.615,AE01CE,,,47.2444,-1.6743,25000,509,5,5,"rx-000,rx-003,rx-004,rx-001,rx-002",1,47.2451,-1.6751,22564,283,416,0,170
1788213787.615,3944F1,,,47.1161,-1.3257,21000,200,5,5,"rx-000,rx-002,rx-001,rx-003,rx-004",2,47.1169,-1.3285,20949,126,338,0,101
1788213789.615,3944F1,,,47.1142,-1.3220,21000,200,5,5,"rx-000,rx-002,rx-001,rx-003,rx-004",2,47.1150,-1.3246,20949,126,339,0,107
1788213791.614,43BF3D,,,47.3339,-1.3817,18000,180,5,5,"rx-000,rx-001,rx-004,rx-002,rx-003",2,47.3331,-1.3843,17949,26,337,0,141
1788213791.614,AE01CE,,,47.2461,-1.6872,25000,556,5,5,"rx-000,rx-003,rx-004,rx-001,rx-002",1,47.2467,-1.6865,21890,283,421,0,202
1788213791.614,3944F1,,,47.1115,-1.3172,21000,201,5,5,"rx-000,rx-002,rx-001,rx-003,rx-004",2,47.1129,-1.3205,20950,126,344,0,112
1788213792.615,43BF3D,,,47.3351,-1.3801,18000,190,5,5,"rx-000,rx-001,rx-004,rx-002,rx-003",2,47.3344,-1.3827,17952,27,338,0,125
1788213793.614,3944F1,,,47.1102,-1.3136,21000,212,5,5,"rx-000,rx-002,rx-001,rx-003,rx-004",2,47.1110,-1.3165,20944,125,345,0,117
1788213793.614,AE01CE,,,47.2463,-1.6923,25000,593,5,5,"rx-000,rx-003,rx-004,rx-001,rx-002",1,47.2473,-1.6921,21489,283,421,0,209
1788213794.614,43BF3D,,,47.3370,-1.3784,18000,200,5,5,"rx-000,rx-001,rx-004,rx-002,rx-003",2,47.3368,-1.3804,17945,28,334,0,123
1788213794.614,3944F1,,,47.1100,-1.3131,21000,212,5,5,"rx-000,rx-002,rx-001,rx-003,rx-004",2,47.1101,-1.3148,20939,126,342,0,113
1788213795.615,AE01CE,,,47.2471,-1.6972,25000,618,5,5,"rx-000,rx-003,rx-004,rx-001,rx-002",1,47.2479,-1.6976,21082,282,418,0,217
1788213796.614,3944F1,,,47.1079,-1.3086,21000,213,5,5,"rx-000,rx-002,rx-001,rx-003,rx-004",2,47.1083,-1.3111,20933,125,340,0,118
1788213797.614,43BF3D,,,47.2164,-1.3801,18000,192,5,5,"rx-000,rx-001,rx-002,rx-003,rx-004",2,0
1788213799.613,AE01CE,,,47.2484,-1.7075,25000,655,5,5,"rx-000,rx-003,rx-004,rx-001,rx-002",1,47.2492,-1.7084,20347,282,415,0,248
1788213799.613,3944F1,,,47.1042,-1.3014,21000,213,5,5,"rx-000,rx-002,rx-001,rx-003,rx-004",2,47.1053,-1.3050,20927,125,345,0,129
1788213800.614,43BF3D,,,47.3449,-1.3717,18000,197,4,4,"rx-000,rx-001,rx-004,rx-002",1,47.3448,-1.3736,17959,28,333,0,145
1788213800.614,3944F1,,,47.1030,-1.2994,21000,213,5,5,"rx-000,rx-002,rx-001,rx-003,rx-004",2,47.1041,-1.3028,20927,125,350,0,122
1788213801.614,3944F1,,,47.1019,-1.2976,21000,205,5,5,"rx-000,rx-002,rx-001,rx-003,rx-004",2,47.1030,-1.3007,20935,126,353,0,116
1788213802.614,AE01CE,,,47.2499,-1.7175,25000,794,5,5,"rx-000,rx-003,rx-004,rx-001,rx-002",1,47.2504,-1.7173,19837,282,421,0,271
1788213803.614,3944F1,,,47.1008,-1.2921,21000,232,5,5,"rx-002,rx-000,rx-001,rx-003,rx-004",2,47.1002,-1.2958,20941,126,373,0,117
1788213804.614,43BF3D,,,47.3516,-1.3653,18000,227,5,5,"rx-000,rx-001,rx-004,rx-002,rx-003",2,47.3503,-1.3684,17965,29,339,0,154
1788213804.614,AE01CE,,,47.2504,-1.7224,25000,821,5,5,"rx-000,rx-003,rx-004,rx-001,rx-002",1,47.2511,-1.7230,19590,282,424,0,279
1788213806.614,43BF3D,,,47.3539,-1.3631,18000,225,5,5,"rx-000,rx-001,rx-004,rx-002,rx-003",2,47.3528,-1.3656,17965,30,340,0,146
1788213806.614,3944F1,,,47.0980,-1.2867,21000,233,5,5,"rx-002,rx-000,rx-001,rx-003,rx-004",2,47.0969,-1.2891,20956,126,383,0,128
1788213806.614,AE01CE,,,47.2508,-1.7279,25000,858,5,5,"rx-000,rx-003,rx-004,rx-001,rx-002",1,47.2517,-1.7286,19327,282,424,0,288
1788213807.613,3944F1,,,47.0968,-1.2849,21000,241,5,5,"rx-002,rx-000,rx-001,rx-003,rx-004",2,47.0959,-1.2867,20962,126,388,0,124
1788213808.615,AE01CE,,,47.2521,-1.7344,25000,890,5,5,"rx-000,rx-003,rx-004,rx-001,rx-002",1,47.2525,-1.7345,19088,282,428,0,297
1788213808.615,43BF3D,,,47.3567,-1.3603,18000,232,5,5,"rx-000,rx-001,rx-004,rx-002,rx-003",2,47.3555,-1.3628,17963,31,343,0,141
1788213809.615,3944F1,,,47.0941,-1.2792,21000,230,5,5,"rx-002,rx-000,rx-001,rx-003,rx-004",2,47.0935,-1.2817,20972,126,401,0,128
1788213809.615,43BF3D,,,47.3581,-1.3594,18000,220,5,5,"rx-000,rx-001,rx-004,rx-002,rx-003",2,47.3568,-1.3614,17965,31,343,0,130
1788213810.614,3944F1,,,47.0928,-1.2769,21000,228,5,5,"rx-002,rx-000,rx-001,rx-003,rx-004",2,47.0922,-1.2789,20978,125,410,0,123
1788213810.614,AE01CE,,,47.2526,-1.7392,25000,910,5,5,"rx-000,rx-003,rx-004,rx-001,rx-002",1,47.2532,-1.7401,18861,281,428,0,306
1788213812.628,43BF3D,,,47.3645,-1.3543,18000,331,3,3,"rx-001,rx-002,rx-003",0,47.3617,-1.3562,17965,33,366,0,145
1788213812.628,3944F1,,,47.0899,-1.2717,21000,237,4,4,"rx-002,rx-001,rx-003,rx-004",1,47.0899,-1.2739,20988,125,419,0,129
1788213813.627,43BF3D,,,47.3654,-1.3527,18000,237,4,4,"rx-001,rx-004,rx-002,rx-003",1,47.3635,-1.3538,17967,34,380,0,133
1788213815.627,43BF3D,,,47.3684,-1.3501,18000,230,4,4,"rx-001,rx-004,rx-002,rx-003",1,47.3669,-1.3504,17977,34,392,0,133
1788213816.628,3944F1,,,47.0866,-1.2644,21000,240,4,4,"rx-002,rx-001,rx-003,rx-004",1,47.0858,-1.2645,21007,124,424,0,150
1788213817.627,3944F1,,,47.0848,-1.2610,21000,241,4,4,"rx-002,rx-001,rx-003,rx-004",1,47.0847,-1.2619,21008,124,429,0,143
1788213817.627,43BF3D,,,47.3705,-1.3480,18000,232,4,4,"rx-001,rx-004,rx-002,rx-003",1,47.3700,-1.3475,17988,34,397,0,133
1788213819.628,3944F1,,,47.0831,-1.2573,21000,249,4,4,"rx-002,rx-001,rx-003,rx-004",1,47.0826,-1.2572,21015,124,431,0,146
1788213820.628,3944F1,,,47.0818,-1.2548,21000,250,4,4,"rx-002,rx-001,rx-003,rx-004",1,47.0816,-1.2548,21017,124,432,0,140
1788213820.627,43BF3D,,,47.3748,-1.3440,18000,232,4,4,"rx-001,rx-004,rx-002,rx-003",1,47.3746,-1.3433,18001,34,401,0,141
1788213821.627,43BF3D,,,47.3757,-1.3432,18000,240,4,4,"rx-001,rx-004,rx-002,rx-003",1,47.3761,-1.3422,18006,34,399,0,133
1788213821.627,3944F1,,,47.0805,-1.2524,21000,242,4,4,"rx-002,rx-001,rx-003,rx-004",1,47.0805,-1.2523,21016,124,433,0,135
1788213822.627,3944F1,,,47.0793,-1.2504,21000,243,4,4,"rx-002,rx-001,rx-003,rx-004",1,47.0794,-1.2500,21016,123,434,0,131
1788213823.627,43BF3D,,,47.3782,-1.3413,18000,234,4,4,"rx-001,rx-004,rx-002,rx-003",1,47.3789,-1.3398,18012,33,395,0,134
1788213823.627,3944F1,,,47.0789,-1.2488,21000,252,4,4,"rx-002,rx-001,rx-003,rx-004",1,47.0785,-1.2478,21019,123,431,0,129
1788213824.627,43BF3D,,,47.3795,-1.3397,18000,235,4,4,"rx-001,rx-004,rx-002,rx-003",1,47.3803,-1.3386,18013,33,391,0,128
1788213824.627,3944F1,,,47.0784,-1.2476,21000,245,4,4,"rx-002,rx-001,rx-003,rx-004",1,47.0776,-1.2457,21020,123,426,0,126
1788213825.628,3944F1,,,47.0769,-1.2446,21000,246,4,4,"rx-002,rx-001,rx-003,rx-004",1,47.0766,-1.2435,21020,123,424,0,125
1788213826.627,3944F1,,,47.0754,-1.2423,21000,247,4,4,"rx-002,rx-001,rx-003,rx-004",1,47.0756,-1.2413,21019,123,424,0,123
1788213826.627,43BF3D,,,47.3832,-1.3366,18000,236,4,4,"rx-001,rx-004,rx-002,rx-003",1,47.3833,-1.3359,18016,33,392,0,131
1788213827.627,43BF3D,,,47.3844,-1.3349,18000,226,4,4,"rx-001,rx-004,rx-002,rx-003",1,47.3847,-1.3346,18018,33,390,0,122
1788213827.627,3944F1,,,47.0744,-1.2391,21000,231,4,4,"rx-002,rx-001,rx-003,rx-004",1,47.0745,-1.2389,21018,123,425,0,120
1788213828.627,3944F1,,,47.0737,-1.2383,21000,241,4,4,"rx-002,rx-001,rx-003,rx-004",1,47.0736,-1.2368,21019,123,421,0,118
1788213829.627,3944F1,,,47.0723,-1.2349,21000,224,4,4,"rx-002,rx-001,rx-003,rx-004",1,47.0725,-1.2345,21018,123,421,0,116
1788213830.627,3944F1,,,47.0721,-1.2343,21000,224,4,4,"rx-002,rx-001,rx-003,rx-004",1,47.0716,-1.2325,21019,122,416,0,114
1788213830.627,43BF3D,,,47.3885,-1.3311,18000,215,4,4,"rx-001,rx-004,rx-002,rx-003",1,47.3891,-1.3306,18022,32,389,0,129
1788213831.627,3944F1,,,47.0706,-1.2323,21000,235,4,4,"rx-002,rx-001,rx-003,rx-004",1,47.0706,-1.2305,21021,122,412,0,114
1788213831.627,43BF3D,,,47.3896,-1.3293,18000,217,4,4,"rx-001,rx-004,rx-002,rx-003",1,47.3904,-1.3293,18019,32,385,0,121
1788213832.628,3944F1,,,47.0694,-1.2291,21000,247,4,4,"rx-002,rx-001,rx-003,rx-004",1,47.0696,-1.2282,21021,122,411,0,113
1788213835.627,3944F1,,,47.0666,-1.2240,21000,244,4,4,"rx-002,rx-001,rx-003,rx-004",1,47.0667,-1.2218,21028,122,404,0,129
1788213835.627,43BF3D,,,47.3963,-1.3254,18000,220,4,4,"rx-001,rx-004,rx-002,rx-003",1,47.3964,-1.3242,18026,32,384,0,137
1788213837.614,3944F1,,,47.0642,-1.2224,21000,251,5,5,"rx-002,rx-000,rx-001,rx-003,rx-004",2,47.0648,-1.2185,21025,123,388,0,131
1788213838.614,AE01CE,,,47.2614,-1.8151,25000,1931,5,5,"rx-000,rx-003,rx-004,rx-001,rx-002",1,47.2622,-1.8165,12844,280,405,0,859
1788213838.614,43BF3D,,,47.3992,-1.3233,18000,222,5,5,"rx-001,rx-000,rx-004,rx-002,rx-003",2,47.4002,-1.3210,18019,31,369,0,142
1788213839.614,3944F1,,,47.0623,-1.2191,21000,251,5,5,"rx-002,rx-000,rx-001,rx-003,rx-004",2,47.0629,-1.2154,21020,123,373,0,132
1788213840.614,3944F1,,,47.0610,-1.2149,21000,223,5,5,"rx-002,rx-000,rx-001,rx-003,rx-004",2,47.0618,-1.2136,21016,124,371,0,127
1788213840.614,43BF3D,,,47.4021,-1.3203,18000,209,5,5,"rx-001,rx-000,rx-004,rx-002,rx-003",2,47.4026,-1.3194,18018,30,355,0,133
1788213840.614,AE01CE,,,47.2621,-1.8257,25000,977,5,5,"rx-000,rx-003,rx-004,rx-001,rx-002",1,47.2639,-1.8255,17063,281,439,0,770
1788213841.614,43BF3D,,,47.4034,-1.3191,18000,208,5,5,"rx-001,rx-000,rx-004,rx-002,rx-003",2,47.4038,-1.3186,18016,29,348,0,120
1788213842.615,3944F1,,,47.0584,-1.2105,21000,221,5,5,"rx-002,rx-000,rx-001,rx-003,rx-004",2,47.0596,-1.2096,21011,125,371,0,131
1788213843.615,3944F1,,,47.0573,-1.2082,21000,229,5,5,"rx-002,rx-000,rx-001,rx-003,rx-004",2,47.0583,-1.2076,21008,125,373,0,127
1788213843.615,AE01CE,,,47.2625,-1.8346,25000,1093,4,4,"rx-000,rx-003,rx-001,rx-002",0,47.2645,-1.8349,20249,280,448,0,717
1788213844.615,43BF3D,,,47.4086,-1.3149,18000,363,4,4,"rx-000,rx-004,rx-002,rx-003",1,47.4082,-1.3153,18018,28,347,0,128
1788213845.614,3944F1,,,47.0554,-1.2043,21000,227,5,5,"rx-002,rx-000,rx-001,rx-003,rx-004",2,47.0561,-1.2037,21006,126,371,0,131
1788213846.614,AE01CE,,,47.2643,-1.8414,25000,1068,5,5,"rx-000,rx-003,rx-004,rx-001,rx-002",1,47.2651,-1.8429,21962,280,444,0,641
1788213846.614,3944F1,,,47.0550,-1.2026,21000,220,5,5,"rx-002,rx-000,rx-001,rx-003,rx-004",2,47.0551,-1.2019,21005,126,368,0,126
1788213847.614,43BF3D,,,47.4121,-1.3113,18000,196,5,5,"rx-001,rx-000,rx-004,rx-002,rx-003",2,47.4124,-1.3117,18012,28,345,0,127
1788213848.616,3944F1,,,47.0551,-1.2002,21000,345,4,4,"rx-002,rx-000,rx-001,rx-003",1,47.0533,-1.1981,21006,126,361,0,140
1788213849.615,43BF3D,,,47.4150,-1.3093,18000,201,5,5,"rx-001,rx-000,rx-004,rx-002,rx-003",2,47.4151,-1.3093,18008,28,344,0,122
1788213849.615,3944F1,,,47.0517,-1.1971,21000,225,5,5,"rx-002,rx-000,rx-001,rx-003,rx-004",2,47.0522,-1.1964,21004,126,359,0,133
1788213849.615,AE01CE,,,47.2652,-1.8501,25000,1199,4,4,"rx-000,rx-004,rx-001,rx-002",0,47.2658,-1.8515,23082,279,443,0,595
1788213850.614,3944F1,,,47.0504,-1.1945,21000,223,5,5,"rx-002,rx-000,rx-001,rx-003,rx-004",2,47.0510,-1.1944,21002,127,360,0,127
1788213851.614,43BF3D,,,47.4234,-1.3129,18000,599,4,4,"rx-001,rx-000,rx-002,rx-003",1,47.4181,-1.3074,18004,28,343,0,131
1788213851.614,3944F1,,,47.0490,-1.1920,21000,213,5,5,"rx-002,rx-000,rx-001,rx-003,rx-004",2,47.0497,-1.1924,20998,127,364,0,122
1788213852.614,AE01CE,,,47.2659,-1.8596,25000,1114,5,5,"rx-003,rx-000,rx-004,rx-001,rx-002",1,47.2665,-1.8601,23858,279,442,0,581
1788213853.615,43BF3D,,,47.4269,-1.3098,18000,605,4,4,"rx-001,rx-000,rx-002,rx-003",1,47.4213,-1.3052,17999,27,348,0,143
1788213853.615,3944F1,,,47.0469,-1.1881,21000,213,5,5,"rx-002,rx-000,rx-001,rx-003,rx-004",2,47.0475,-1.1884,20995,128,366,0,125
1788213854.615,3944F1,,,47.0457,-1.1857,21000,210,5,5,"rx-002,rx-000,rx-001,rx-003,rx-004",2,47.0463,-1.1863,20992,128,370,0,119
1788213855.614,AE01CE,,,47.2670,-1.8691,25000,1136,5,5,"rx-003,rx-000,rx-004,rx-001,rx-002",1,47.2673,-1.8690,24477,279,443,0,580
1788213855.615,43BF3D,,,47.4232,-1.3013,18000,187,5,5,"rx-001,rx-000,rx-004,rx-002,rx-003",2,47.4237,-1.3023,17997,28,346,0,129
1788213856.615,3944F1,,,47.0487,-1.1860,21000,353,4,4,"rx-002,rx-000,rx-001,rx-003",1,47.0444,-1.1827,20995,128,362,0,133
1788213857.614,3944F1,,,47.0420,-1.1798,21000,210,5,5,"rx-002,rx-000,rx-001,rx-003,rx-004",2,47.0429,-1.1805,20991,129,370,0,126
1788213858.615,43BF3D,,,47.4267,-1.2987,18000,198,5,5,"rx-001,rx-000,rx-004,rx-002,rx-003",2,47.4275,-1.2989,17997,29,338,0,129
1788213858.615,3944F1,,,47.0408,-1.1776,21000,219,5,5,"rx-002,rx-000,rx-001,rx-003,rx-004",2,47.0416,-1.1783,20987,130,376,0,121
1788213858.615,AE01CE,,,47.2679,-1.8764,25000,1186,5,5,"rx-003,rx-000,rx-004,rx-001,rx-002",1,47.2682,-1.8774,25105,279,439,0,583
1788213860.615,3944F1,,,47.0449,-1.1783,21000,361,4,4,"rx-002,rx-000,rx-001,rx-003",1,47.0397,-1.1747,20991,129,368,0,135
1788213861.615,3944F1,,,47.0393,-1.1728,21000,220,4,4,"rx-002,rx-000,rx-001,rx-003",1,47.0387,-1.1728,20993,129,365,0,129
1788213861.615,43BF3D,,,47.4486,-1.3112,18000,1002,3,3,"rx-001,rx-000,rx-002",0,47.4322,-1.2957,17993,28,343,0,151
1788213861.615,AE01CE,,,47.2692,-1.8847,25000,1391,4,4,"rx-003,rx-000,rx-001,rx-002",0,47.2692,-1.8860,25386,279,437,0,604
1788213862.615,3944F1,,,47.0371,-1.1711,21000,217,5,5,"rx-002,rx-000,rx-001,rx-003,rx-004",2,47.0375,-1.1709,20992,130,367,0,123
1788213863.615,43BF3D,,,47.4347,-1.2927,18000,334,4,4,"rx-001,rx-000,rx-002,rx-003",1,47.4350,-1.2934,17992,28,344,0,155
1788213864.615,3944F1,,,47.0356,-1.1661,21000,223,4,4,"rx-002,rx-000,rx-001,rx-003",1,47.0354,-1.1669,20991,130,367,0,127
1788213864.615,AE01CE,,,47.2695,-1.8940,25000,1228,5,5,"rx-003,rx-000,rx-004,rx-001,rx-002",1,47.2699,-1.8946,25904,278,435,0,607
1788213866.614,43BF3D,,,47.4394,-1.2889,18000,341,4,4,"rx-001,rx-000,rx-002,rx-003",1,47.4394,-1.2897,17990,28,349,0,169
1788213866.614,3944F1,,,47.0324,-1.1635,21000,219,5,5,"rx-002,rx-000,rx-001,rx-003,rx-004",2,47.0330,-1.1632,20988,131,369,0,129
1788213867.615,AE01CE,,,47.2700,-1.9038,25000,1245,5,5,"rx-003,rx-000,rx-004,rx-001,rx-002",1,47.2704,-1.9034,26546,277,437,0,614
1788213867.615,3944F1,,,47.0314,-1.1611,21000,221,5,5,"rx-002,rx-000,rx-001,rx-003,rx-004",2,47.0317,-1.1613,20988,131,371,0,123
1788213868.615,43BF3D,,,47.4401,-1.2872,18000,193,5,5,"rx-001,rx-000,rx-004,rx-002,rx-003",2,47.4415,-1.2874,17996,29,338,0,141
1788213868.615,3944F1,,,47.0299,-1.1581,21000,225,5,5,"rx-002,rx-000,rx-001,rx-003,rx-004",2,47.0304,-1.1591,20986,131,376,0,120
1788213869.615,3944F1,,,47.0287,-1.1567,21000,217,5,5,"rx-002,rx-000,rx-001,rx-003,rx-004",2,47.0292,-1.1571,20987,132,378,0,116
1788213869.615,43BF3D,,,47.4423,-1.2852,18000,194,5,5,"rx-001,rx-000,rx-004,rx-002,rx-003",2,47.4426,-1.2859,17998,30,337,0,123
1788213870.615,3944F1,,,47.0279,-1.1547,21000,218,5,5,"rx-002,rx-000,rx-001,rx-003,rx-004",2,47.0280,-1.1552,20989,132,379,0,114
1788213871.615,AE01CE,,,47.2715,-1.9164,25000,1384,5,5,"rx-003,rx-000,rx-004,rx-001,rx-002",1,47.2714,-1.9156,27205,277,442,0,640
1788213871.615,43BF3D,,,47.4442,-1.2829,18000,384,4,4,"rx-001,rx-000,rx-002,rx-003",1,47.4452,-1.2836,17998,30,334,0,131
1788213872.615,43BF3D,,,47.4458,-1.2800,18000,384,4,4,"rx-001,rx-000,rx-002,rx-003",1,47.4467,-1.2822,17998,30,338,0,132
1788213872.615,3944F1,,,47.0265,-1.1494,21000,242,4,4,"rx-002,rx-000,rx-001,rx-003",1,47.0258,-1.1511,20989,132,381,0,122
1788213873.616,43BF3D,,,47.4464,-1.2803,18000,208,5,5,"rx-001,rx-000,rx-004,rx-002,rx-003",2,47.4475,-1.2809,18001,31,331,0,119
1788213874.614,3944F1,,,47.0218,-1.1447,21000,228,5,5,"rx-002,rx-000,rx-001,rx-003,rx-004",2,47.0229,-1.1467,20980,132,394,0,127
1788213874.614,AE01CE,,,47.2718,-1.9279,25000,1327,5,5,"rx-003,rx-000,rx-004,rx-001,rx-002",1,47.2720,-1.9251,28238,276,449,0,647
1788213875.615,43BF3D,,,47.4493,-1.2779,18000,201,5,5,"rx-001,rx-000,rx-004,rx-002,rx-003",2,47.4499,-1.2785,18005,31,326,0,117
1788213876.615,3944F1,,,47.0198,-1.1420,21000,230,5,5,"rx-002,rx-000,rx-001,rx-003,rx-004",2,47.0203,-1.1426,20978,133,400,0,132
1788213877.615,43BF3D,,,47.4524,-1.2750,18000,211,5,5,"rx-001,rx-000,rx-004,rx-002,rx-003",2,47.4523,-1.2759,18010,32,325,0,117
1788213877.615,AE01CE,,,47.2723,-1.9383,25000,1307,5,5,"rx-003,rx-000,rx-004,rx-001,rx-002",1,47.2726,-1.9349,29484,276,457,0,653
1788213877.615,3944F1,,,47.0180,-1.1387,21000,230,5,5,"rx-002,rx-000,rx-001,rx-003,rx-004",2,47.0187,-1.1403,20976,133,409,0,127
1788213879.614,3944F1,,,47.0151,-1.1344,21000,239,4,4,"rx-002,rx-000,rx-001,rx-003",1,47.0159,-1.1360,20974,134,418,0,133
1788213880.614,43BF3D,,,47.4574,-1.2735,18000,243,4,4,"rx-001,rx-000,rx-004,rx-003",1,47.4564,-1.2727,18013,31,324,0,129
1788213880.614,AE01CE,,,47.2729,-1.9456,25000,1319,5,5,"rx-003,rx-000,rx-004,rx-001,rx-002",1,47.2732,-1.9441,30917,276,457,0,658
1788213881.614,3944F1,,,47.0132,-1.1307,21000,687,4,4,"rx-000,rx-001,rx-003,rx-004",1,47.0136,-1.1310,20981,133,425,0,134
1788213882.615,3944F1,,,47.0125,-1.1293,21000,244,5,5,"rx-002,rx-000,rx-001,rx-003,rx-004",2,47.0124,-1.1290,20988,133,423,0,130
1788213882.616,43BF3D,,,47.4590,-1.2689,18000,206,5,5,"rx-001,rx-000,rx-004,rx-002,rx-003",2,47.4588,-1.2701,18015,32,324,0,125
1788213883.614,AE01CE,,,47.2737,-1.9561,25000,1347,5,5,"rx-003,rx-000,rx-004,rx-001,rx-002",1,47.2738,-1.9536,32293,275,461,0,662
1788213883.614,43BF3D,,,47.4600,-1.2680,18000,207,5,5,"rx-001,rx-000,rx-004,rx-002,rx-003",2,47.4599,-1.2688,18017,33,322,0,116
1788213884.615,43BF3D,,,47.4608,-1.2672,18000,207,5,5,"rx-001,rx-000,rx-004,rx-002,rx-003",2,47.4610,-1.2676,18019,33,318,0,110
1788213884.615,3944F1,,,47.0130,-1.1241,21000,257,4,4,"rx-002,rx-000,rx-001,rx-003",1,47.0104,-1.1248,21003,132,417,0,137
1788213885.614,3944F1,,,47.0080,-1.1217,21000,248,4,4,"rx-002,rx-000,rx-001,rx-003",1,47.0089,-1.1226,21001,132,422,0,133
1788213886.615,AE01CE,,,47.2744,-1.9641,25000,1382,5,5,"rx-003,rx-000,rx-004,rx-001,rx-002",1,47.2745,-1.9629,33710,275,461,0,665
1788213886.615,3944F1,,,47.0108,-1.1202,21000,261,4,4,"rx-002,rx-000,rx-001,rx-003",1,47.0082,-1.1205,21010,131,415,0,131
1788213886.615,43BF3D,,,47.4631,-1.2652,18000,209,5,5,"rx-001,rx-000,rx-004,rx-002,rx-003",2,47.4632,-1.2654,18022,33,312,0,112
1788213887.615,3944F1,,,47.0089,-1.1179,21000,280,4,4,"rx-002,rx-000,rx-001,rx-004",1,47.0074,-1.1182,21014,130,411,0,131
1788213890.615,3944F1,,,47.0082,-1.1130,21000,273,5,5,"rx-002,rx-000,rx-001,rx-003,rx-004",2,47.0049,-1.1123,21049,128,394,0,148
1788213891.615,43BF3D,,,47.4721,-1.2585,18000,267,5,5,"rx-001,rx-000,rx-004,rx-002,rx-003",2,47.4700,-1.2591,18017,34,322,0,143
1788213891.615,AE01CE,,,47.2786,-1.9719,25000,1831,5,5,"rx-003,rx-000,rx-004,rx-001,rx-002",1,47.2764,-1.9772,34605,277,453,0,712
1788213892.614,3944F1,,,47.0049,-1.1077,21000,270,5,5,"rx-002,rx-000,rx-001,rx-003,rx-004",2,47.0033,-1.1081,21054,127,387,0,152
1788213893.615,3944F1,,,47.0048,-1.1067,21000,296,5,5,"rx-002,rx-000,rx-001,rx-003,rx-004",2,47.0027,-1.1061,21062,126,379,0,151
1788213894.614,43BF3D,,,47.4763,-1.2545,18000,267,4,4,"rx-001,rx-000,rx-004,rx-002",1,47.4743,-1.2551,18010,34,332,0,152
1788213895.615,43BF3D,,,47.4784,-1.2528,18000,294,5,5,"rx-001,rx-000,rx-004,rx-002,rx-003",2,47.4762,-1.2534,18002,34,344,0,142
1788213896.615,3944F1,,,47.0006,-1.0992,21000,314,4,4,"rx-002,rx-000,rx-001,rx-003",1,46.9999,-1.0998,21063,125,375,0,169
1788213896.615,AE01CE,,,47.2804,-1.9872,25000,2082,5,5,"rx-003,rx-000,rx-004,rx-001,rx-002",1,47.2784,-1.9917,35128,278,451,0,768
1788213896.615,43BF3D,,,47.4798,-1.2513,18000,312,5,5,"rx-001,rx-000,rx-004,rx-002,rx-003",2,47.4779,-1.2518,17999,34,352,0,138
1788213898.614,3944F1,,,46.9990,-1.0960,21000,314,5,5,"rx-002,rx-000,rx-001,rx-003,rx-004",2,46.9983,-1.0958,21060,124,368,0,174
1788213898.614,43BF3D,,,47.4830,-1.2476,18000,297,4,4,"rx-001,rx-000,rx-004,rx-002",1,47.4810,-1.2487,17995,35,362,0,142
1788213899.615,3944F1,,,46.9979,-1.0937,21000,325,5,5,"rx-002,rx-000,rx-001,rx-003,rx-004",2,46.9975,-1.0938,21058,123,365,0,171
1788213900.614,43BF3D,,,47.4868,-1.2457,18000,463,3,3,"rx-001,rx-000,rx-002",0,47.4844,-1.2457,17988,34,375,0,150
1788213901.615,43BF3D,,,47.4872,-1.2444,18000,280,5,5,"rx-001,rx-000,rx-004,rx-002,rx-003",2,47.4862,-1.2442,17986,34,381,0,142
1788213901.615,3944F1,,,46.9981,-1.0889,21000,273,5,5,"rx-002,rx-000,rx-001,rx-003,rx-004",2,46.9966,-1.0892,21072,121,357,0,165
1788213901.615,AE01CE,,,47.2832,-1.9964,25000,2017,4,4,"rx-003,rx-000,rx-001,rx-002",0,47.2806,-2.0047,35313,280,438,0,831
1788213902.614,43BF3D,,,47.4889,-1.2423,18000,271,5,5,"rx-001,rx-000,rx-004,rx-002,rx-003",2,47.4879,-1.2426,17985,35,387,0,135
1788213902.614,3944F1,,,46.9967,-1.0865,21000,267,5,5,"rx-002,rx-000,rx-001,rx-003,rx-004",2,46.9960,-1.0869,21059,119,355,0,154
1788213903.614,43BF3D,,,47.4902,-1.2410,18000,273,5,5,"rx-001,rx-000,rx-004,rx-002,rx-003",2,47.4895,-1.2410,17985,35,392,0,129
1788213903.614,3944F1,,,46.9956,-1.0848,21000,280,5,5,"rx-002,rx-000,rx-001,rx-003,rx-004",2,46.9953,-1.0848,21056,119,353,0,146
1788213904.614,3944F1,,,46.9937,-1.0806,21000,264,5,5,"rx-002,rx-000,rx-001,rx-003,rx-004",2,46.9943,-1.0823,21040,119,358,0,138
1788213905.614,43BF3D,,,47.4931,-1.2380,18000,219,5,5,"rx-001,rx-000,rx-004,rx-002,rx-003",2,47.4926,-1.2378,17981,35,399,0,128
1788213905.614,AE01CE,,,47.2838,-2.0090,25000,1665,5,5,"rx-003,rx-000,rx-004,rx-001,rx-002",1,47.2825,-2.0154,34313,281,435,0,824
1788213906.615,3944F1,,,46.9922,-1.0770,21000,276,5,5,"rx-002,rx-000,rx-001,rx-003,rx-004",2,46.9925,-1.0778,21036,118,359,0,140
1788213907.614,43BF3D,,,47.4950,-1.2367,18000,226,5,5,"rx-001,rx-000,rx-004,rx-002,rx-003",2,47.4956,-1.2354,17983,34,397,0,128
1788213907.614,3944F1,,,46.9917,-1.0760,21000,261,5,5,"rx-002,rx-000,rx-001,rx-003,rx-004",2,46.9917,-1.0758,21032,118,358,0,133
1788213908.615,43BF3D,,,47.4967,-1.2360,18000,225,5,5,"rx-001,rx-000,rx-004,rx-002,rx-003",2,47.4972,-1.2344,17988,33,394,0,122
1788213908.615,3944F1,,,46.9902,-1.0733,21000,255,5,5,"rx-002,rx-000,rx-001,rx-003,rx-004",2,46.9908,-1.0736,21020,118,360,0,128
1788213909.614,AE01CE,,,47.2860,-2.0211,25000,1731,5,5,"rx-003,rx-000,rx-004,rx-001,rx-002",1,47.2848,-2.0263,32912,282,436,0,799
1788213909.614,3944F1,,,46.9894,-1.0717,21000,266,5,5,"rx-002,rx-000,rx-001,rx-003,rx-004",2,46.9899,-1.0715,21014,118,359,0,124
1788213910.614,43BF3D,,,47.4986,-1.2331,18000,354,4,4,"rx-001,rx-000,rx-002,rx-003",1,47.4998,-1.2319,17994,33,388,0,132
1788213911.614,43BF3D,,,47.5016,-1.2317,18000,221,5,5,"rx-001,rx-000,rx-004,rx-002,rx-003",2,47.5014,-1.2309,18000,32,387,0,124
1788213912.614,3944F1,,,46.9857,-1.0647,21000,265,5,5,"rx-002,rx-000,rx-001,rx-003,rx-004",2,46.9870,-1.0651,20989,119,362,0,136
1788213913.614,3944F1,,,46.9844,-1.0618,21000,270,5,5,"rx-002,rx-000,rx-001,rx-003,rx-004",2,46.9857,-1.0629,20972,120,368,0,131
1788213913.614,43BF3D,,,47.5015,-1.2282,18000,441,3,3,"rx-001,rx-000,rx-002",0,47.5041,-1.2282,18004,32,382,0,135
1788213914.615,43BF3D,,,47.5055,-1.2286,18000,234,5,5,"rx-001,rx-000,rx-004,rx-002,rx-003",2,47.5057,-1.2276,18010,31,379,0,127
1788213914.615,AE01CE,,,47.2878,-2.0382,25000,1608,5,5,"rx-003,rx-000,rx-004,rx-001,rx-002",1,47.2872,-2.0407,32665,283,439,0,808
1788213915.614,3944F1,,,46.9825,-1.0582,21000,277,5,5,"rx-002,rx-000,rx-001,rx-003,rx-004",2,46.9836,-1.0587,20954,121,372,0,135
1788213916.615,43BF3D,,,47.5090,-1.2253,18000,227,5,5,"rx-001,rx-004,rx-000,rx-002,rx-003",2,47.5088,-1.2252,18013,30,379,0,129
1788213916.615,3944F1,,,46.9823,-1.0575,21000,278,5,5,"rx-002,rx-000,rx-001,rx-003,rx-004",2,46.9826,-1.0567,20956,122,371,0,131
1788213917.615,43BF3D,,,47.5093,-1.2239,18000,244,5,5,"rx-001,rx-004,rx-000,rx-002,rx-003",2,47.5101,-1.2241,18016,30,376,0,124
1788213917.615,3944F1,,,46.9794,-1.0533,21000,287,5,5,"rx-002,rx-000,rx-001,rx-003,rx-004",2,46.9812,-1.0545,20945,123,377,0,128
1788213918.614,3944F1,,,46.9796,-1.0532,21000,294,5,5,"rx-002,rx-000,rx-001,rx-003,rx-004",2,46.9801,-1.0526,20940,123,377,0,126
1788213918.614,AE01CE,,,47.2882,-2.0462,25000,1692,5,5,"rx-003,rx-000,rx-004,rx-001,rx-002",1,47.2886,-2.0510,32187,282,432,0,807
1788213919.615,43BF3D,,,47.5130,-1.2209,18000,237,5,5,"rx-001,rx-004,rx-000,rx-002,rx-003",2,47.5131,-1.2214,18015,30,377,0,127
1788213920.615,3944F1,,,46.9777,-1.0482,21000,301,5,5,"rx-002,rx-000,rx-001,rx-003,rx-004",2,46.9780,-1.0483,20935,124,379,0,133
1788213921.615,43BF3D,,,47.5156,-1.2192,18000,248,5,5,"rx-001,rx-004,rx-000,rx-002,rx-003",2,47.5160,-1.2189,18018,30,375,0,131
1788213922.616,43BF3D,,,47.5173,-1.2176,18000,243,5,5,"rx-001,rx-004,rx-000,rx-002,rx-003",2,47.5175,-1.2177,18015,30,375,0,126
1788213922.616,AE01CE,,,47.2902,-2.0568,25000,1966,4,4,"rx-003,rx-000,rx-001,rx-002",0,47.2903,-2.0622,31462,282,434,0,829
1788213922.616,3944F1,,,46.9756,-1.0443,21000,310,5,5,"rx-002,rx-000,rx-001,rx-003,rx-004",2,46.9759,-1.0441,20932,124,381,0,139
1788213925.616,43BF3D,,,47.5199,-1.2142,18000,396,4,4,"rx-001,rx-000,rx-002,rx-003",1,47.5217,-1.2141,18018,29,370,0,146
1788213925.616,3944F1,,,46.9719,-1.0389,21000,391,3,3,"rx-002,rx-000,rx-001",0,46.9727,-1.0381,20928,125,381,0,158
1788213926.614,3944F1,,,46.9704,-1.0374,21000,397,3,3,"rx-002,rx-000,rx-001",0,46.9714,-1.0365,20937,126,381,0,156
1788213926.614,43BF3D,,,47.5220,-1.2127,18000,403,4,4,"rx-001,rx-000,rx-002,rx-003",1,47.5231,-1.2129,18015,29,368,0,147
1788213927.614,43BF3D,,,47.5229,-1.2113,18000,264,4,4,"rx-001,rx-004,rx-000,rx-002",1,47.5242,-1.2116,18016,30,364,0,139
1788213927.614,AE01CE,,,47.2901,-2.0738,25000,2223,4,4,"rx-000,rx-004,rx-001,rx-002",0,47.2914,-2.0729,30082,281,412,0,781
1788213927.614,3944F1,,,46.9698,-1.0346,21000,384,4,4,"rx-002,rx-000,rx-001,rx-004",1,46.9702,-1.0345,20945,127,382,0,156
1788213928.614,3944F1,,,46.9693,-1.0330,21000,339,5,5,"rx-002,rx-000,rx-001,rx-003,rx-004",2,46.9692,-1.0325,20955,127,381,0,151
1788213929.614,43BF3D,,,47.5250,-1.2083,18000,523,3,3,"rx-001,rx-000,rx-002",0,47.5270,-1.2092,18016,30,362,0,152
1788213929.614,3944F1,,,46.9680,-1.0303,21000,340,5,5,"rx-002,rx-000,rx-001,rx-003,rx-004",2,46.9681,-1.0305,20960,127,382,0,148
1788213930.615,3944F1,,,46.9658,-1.0270,21000,351,5,5,"rx-002,rx-000,rx-001,rx-003,rx-004",2,46.9668,-1.0283,20959,128,386,0,145
1788213930.615,43BF3D,,,47.5273,-1.2073,18000,253,5,5,"rx-001,rx-004,rx-000,rx-002,rx-003",2,47.5281,-1.2078,18015,30,359,0,140
1788213931.615,43BF3D,,,47.5282,-1.2059,18000,254,5,5,"rx-001,rx-004,rx-000,rx-002,rx-003",2,47.5292,-1.2063,18013,31,356,0,133
1788213931.615,3944F1,,,46.9660,-1.0270,21000,360,5,5,"rx-002,rx-000,rx-001,rx-003,rx-004",2,46.9658,-1.0263,20964,128,385,0,144
1788213932.615,AE01CE,,,47.2921,-2.0838,25000,2030,5,5,"rx-003,rx-000,rx-004,rx-001,rx-002",1,47.2922,-2.0873,29531,278,417,0,818
1788213933.615,3944F1,,,46.9630,-1.0211,21000,371,5,5,"rx-002,rx-000,rx-001,rx-003,rx-004",2,46.9635,-1.0221,20965,128,388,0,152
1788213933.614,43BF3D,,,47.5302,-1.2041,18000,248,5,5,"rx-001,rx-004,rx-000,rx-002,rx-003",2,47.5317,-1.2038,18013,31,351,0,134
1788213934.614,3944F1,,,46.9620,-1.0189,21000,377,5,5,"rx-002,rx-000,rx-001,rx-003,rx-004",2,46.9624,-1.0199,20971,128,390,0,150
1788213934.614,43BF3D,,,47.5324,-1.2023,18000,258,5,5,"rx-001,rx-004,rx-000,rx-002,rx-003",2,47.5330,-1.2025,18011,31,349,0,129
1788213935.615,43BF3D,,,47.5336,-1.2011,18000,252,5,5,"rx-001,rx-004,rx-000,rx-002,rx-003",2,47.5342,-1.2011,18008,32,348,0,125
1788213936.615,3944F1,,,46.9603,-1.0159,21000,387,5,5,"rx-002,rx-000,rx-001,rx-003,rx-004",2,46.9603,-1.0158,20980,128,390,0,158
1788213937.615,3944F1,,,46.9590,-1.0125,21000,399,5,5,"rx-002,rx-000,rx-001,rx-003,rx-004",2,46.9592,-1.0135,20987,128,391,0,156
1788213937.614,AE01CE,,,47.2937,-2.0979,25000,2201,5,5,"rx-003,rx-000,rx-004,rx-001,rx-002",1,47.2933,-2.1013,28460,277,420,0,858
1788213938.615,43BF3D,,,47.5392,-1.1973,18000,585,3,3,"rx-001,rx-000,rx-002",0,47.5384,-1.1973,18006,32,348,0,146
1788213939.614,3944F1,,,46.9572,-1.0097,21000,409,5,5,"rx-002,rx-000,rx-001,rx-003,rx-004",2,46.9570,-1.0094,20995,128,391,0,164
1788213939.614,43BF3D,,,47.4347,-1.2419,18000,315,3,3,"rx-001,rx-000,rx-002",0,0
1788213940.614,43BF3D,,,47.5410,-1.1944,18000,267,5,5,"rx-001,rx-004,rx-000,rx-002,rx-003",2,47.5411,-1.1946,18002,32,347,0,146
1788213941.614,3944F1,,,46.9553,-1.0049,21000,427,5,5,"rx-002,rx-000,rx-001,rx-003,rx-004",2,46.9549,-1.0051,21005,128,392,0,171
1788213942.614,AE01CE,,,47.2955,-2.1147,25000,2115,5,5,"rx-003,rx-004,rx-000,rx-001,rx-002",1,47.2949,-2.1156,27792,277,423,0,894
1788213943.615,43BF3D,,,47.5446,-1.1914,18000,259,5,5,"rx-001,rx-004,rx-000,rx-002,rx-003",2,47.5450,-1.1910,18003,32,343,0,153
1788213943.615,3944F1,,,46.9538,-1.0016,21000,449,5,5,"rx-002,rx-000,rx-001,rx-003,rx-004",2,46.9530,-1.0009,21019,127,391,0,180
1788213944.615,43BF3D,,,47.5470,-1.1899,18000,258,5,5,"rx-001,rx-004,rx-000,rx-002,rx-003",2,47.5465,-1.1898,18002,32,344,0,142
1788213944.615,3944F1,,,46.9528,-0.9994,21000,457,5,5,"rx-002,rx-000,rx-001,rx-003,rx-004",2,46.9520,-0.9988,21024,127,391,0,178
1788213945.614,43BF3D,,,47.5487,-1.1883,18000,261,5,5,"rx-001,rx-004,rx-000,rx-002,rx-003",2,47.5480,-1.1885,18000,32,346,0,135
1788213946.613,3944F1,,,46.9514,-0.9968,21000,461,5,5,"rx-002,rx-000,rx-001,rx-003,rx-004",2,46.9501,-0.9947,21032,127,388,0,186
1788213947.613,3944F1,,,46.9496,-0.9932,21000,477,5,5,"rx-002,rx-000,rx-001,rx-003,rx-004",2,46.9491,-0.9927,21034,127,387,0,183
1788213947.614,AE01CE,,,47.2975,-2.1287,25000,2168,5,5,"rx-003,rx-004,rx-000,rx-001,rx-002",1,47.2967,-2.1298,27057,278,425,0,930
1788213948.615,43BF3D,,,47.5529,-1.1850,18000,533,4,4,"rx-001,rx-000,rx-002,rx-003",1,47.5521,-1.1848,17998,32,345,0,157
1788213949.614,3944F1,,,46.9470,-0.9873,21000,575,3,3,"rx-002,rx-000,rx-001",0,46.9470,-0.9883,21032,126,388,0,195
1788213949.614,43BF3D,,,47.5540,-1.1835,18000,268,5,5,"rx-001,rx-004,rx-000,rx-002,rx-003",2,47.5536,-1.1836,17998,32,346,0,146
1788213950.614,43BF3D,,,47.5558,-1.1814,18000,278,5,5,"rx-001,rx-004,rx-000,rx-002,rx-003",2,47.5551,-1.1821,17995,32,348,0,140
1788213950.614,3944F1,,,46.9467,-0.9870,21000,497,5,5,"rx-002,rx-000,rx-001,rx-003,rx-004",2,46.9461,-0.9863,21031,126,387,0,192
1788213952.614,3944F1,,,46.9458,-0.9835,21000,565,4,4,"rx-002,rx-000,rx-001,rx-003",1,46.9442,-0.9820,21037,126,386,0,203
1788213953.615,43BF3D,,,47.5633,-1.1776,18000,585,4,4,"rx-001,rx-000,rx-002,rx-003",1,47.5595,-1.1780,17989,32,354,0,162
1788213953.615,AE01CE,,,47.3006,-2.1450,25000,2429,5,5,"rx-003,rx-004,rx-000,rx-001,rx-002",1,47.2994,-2.1468,25795,280,428,0,989
1788213954.615,3944F1,,,46.9440,-0.9792,21000,531,5,5,"rx-002,rx-000,rx-001,rx-003,rx-004",2,46.9426,-0.9778,21045,125,383,0,211
1788213955.615,43BF3D,,,47.5620,-1.1760,18000,311,4,4,"rx-001,rx-004,rx-000,rx-003",1,47.5623,-1.1756,17989,32,353,0,162
1788213956.614,3944F1,,,46.9397,-0.9732,21000,578,5,5,"rx-002,rx-000,rx-001,rx-003,rx-004",2,46.9405,-0.9736,21040,125,383,0,220
1788213958.614,AE01CE,,,47.3023,-2.1615,25000,2385,4,4,"rx-003,rx-000,rx-001,rx-002",0,47.3013,-2.1598,25371,281,419,0,1057
1788213958.615,3944F1,,,46.9365,-0.9676,21000,700,4,4,"rx-002,rx-000,rx-001,rx-003",1,46.9383,-0.9694,21033,125,384,0,231
1788213958.615,43BF3D,,,47.5675,-1.1713,18000,629,4,4,"rx-001,rx-000,rx-002,rx-003",1,47.5666,-1.1716,17989,32,355,0,185
1788213960.614,43BF3D,,,47.5687,-1.1691,18000,303,5,5,"rx-001,rx-004,rx-000,rx-002,rx-003",2,47.5692,-1.1690,17989,32,354,0,178
1788213960.614,3944F1,,,46.9354,-0.9654,21000,615,5,5,"rx-002,rx-000,rx-001,rx-003,rx-004",2,46.9361,-0.9653,21027,125,384,0,238
1788213963.614,43BF3D,,,47.5730,-1.1658,18000,304,5,5,"rx-001,rx-004,rx-000,rx-002,rx-003",2,47.5733,-1.1653,17991,32,352,0,182
1788213963.614,3944F1,,,46.9322,-0.9586,21000,639,5,5,"rx-002,rx-000,rx-001,rx-003,rx-004",2,46.9329,-0.9591,21018,126,385,0,259
1788213964.614,43BF3D,,,47.5738,-1.1648,18000,299,5,5,"rx-001,rx-004,rx-000,rx-002,rx-003",2,47.5746,-1.1642,17995,32,349,0,168
1788213964.614,AE01CE,,,47.3037,-2.1771,25000,2489,4,4,"rx-003,rx-000,rx-001,rx-002",0,47.3037,-2.1761,24962,282,414,0,1155
1788213965.615,3944F1,,,46.9286,-0.9537,21000,685,5,5,"rx-002,rx-000,rx-001,rx-003,rx-004",2,46.9303,-0.9549,21003,127,388,0,266
1788213965.614,43BF3D,,,47.5742,-1.1638,18000,316,5,5,"rx-001,rx-004,rx-000,rx-002,rx-003",2,47.5756,-1.1632,17999,32,345,0,161
1788213966.615,43BF3D,,,47.5761,-1.1624,18000,306,5,5,"rx-001,rx-004,rx-000,rx-002,rx-003",2,47.5769,-1.1620,18000,32,342,0,154
1788213968.615,3944F1,,,46.9254,-0.9473,21000,697,5,5,"rx-002,rx-000,rx-001,rx-003,rx-004",2,46.9266,-0.9486,20989,128,391,0,285
